SKU,Marca,Nombre,Stock,"Precio Unitarioc/Iva"
Accesorios Celulares,,,,
99929865,PCF OEM,Lentes para cámaras de celulares - Kit 3 en 1,1,3.990
99934147,Spektra,"Adaptador Lightning a Lightning + Jack 3.5mm SpektraPlateado",1,6.990
99934146,Spektra,Adaptador Tipo-C a Tipo-C + Jack 3.5mm Spektra Gris,3,6.990
99924365,Samsung,Bateria de Repuesto para J1,3,4.990
99937371,Apple,"Carcasa funda de silicona para iPhone 11 Pro - Color arenarosa",1,9.989
99937369,Apple,Carcasa funda transparente para  iPhone 11 Pro,1,9.989
99930680,NjoyTech,"Kit 3 en 1 Njoy-Tech Adaptadores OTG USB/Tipo C/MicroUSB Negro",1,3.990
99927537,PCF OEM,Kit Selfie Stick 5 en 1 Bluetooth SmartFy,5,3.989
99934158,Ultra,Kit Selfie Stick 5 en 1 Bluetooth ULTRA Negro,1,6.990
99937370,Apple,iPhone 11 Pro Silicone Case - White,1,8.990
Accesorios Corte y Estampado,,,,
99936425,Makeblock,Hepa Filtros Laserbox (3 unidades x caja),1,9.990
99919149,Silhouette,"Papel adhesivo blanco para stickers Cameo 3 - Cameo 4 -Portrait - Curio",1,4.990
99921228,Silhouette,Tintas-Botella Mint Ink 5ml Cafe,1,3.990
Accesorios Cámaras de Acción,,,,
99926909,GoPole,Bastón Selfie Flotador Evo 2,4,6.990
99926908,GoPole,Bastón Selfie Reach 1 Metro Para GoPro,4,6.990
99931624,Xsories,Bastón Selfie U-Shot Silver,1,6.990
99930999,GoPole,Batería Recargable para GoPro,1,9.990
99931002,GoPole,Carcasa Hitproof/Waterproof para GoPro,2,6.990
99931001,GoPole,Domo de Buceo para GoPro,1,6.990
99931237,GoPro,Funda y Correa Negra,1,4.990
99919872,GoPro,Smart Remote,1,9.990
Accesorios Desktop,,,,
99945433,Silverstone,Extensor Cable Riser PCI-E 4.0 x16 220mm,1,24.990
Accesorios Electrónica,,,,
99927701,Adafruit,Bases de pines para Feather - 12-pin y 16-pin,1,990
99930482,PCF OEM,Conector HDMI - Ángulo recto,1,2.490
99930198,Raspberry Pi,"Fuente de Alimentación Raspberry Pi 2,5A 13W Element 14Oficial",3,3.990
Accesorios Impresoras 3D,,,,
99937907,Creality,"Boquilla de impresora 3D de 0.4mm para CR-10S Pro, CR-10Max (4 unidades)",1,1.990
99942480,Creality,Full Hotend Kit para serie Ender 3,1,19.990
99935784,Creality,Hotbed Kit Para Ender 3 y Ender 3 Pro,1,14.990
Accesorios Notebooks,,,,
SKU,Marca,Nombre,Stock,"Precio Unitarioc/Iva"
99936349,Apple,Adaptador Lightning a USB,3,19.990
99937682,Apple,Adaptador Lightning a lector de tarjetas SD,1,14.989
99919985,Apple,Adaptador Thunderbolt a Gigabit Ethernet para Mac,1,14.989
99937460,Apple,Adaptador de Thunderbolt 3 (USB-C) a Thunderbolt 2,2,19.990
99937461,Apple,Adaptador de Thunderbolt a Gigabit Ethernet,4,14.989
99937679,Apple,Adaptador de USB-C a USB,1,9.989
99937681,Apple,Adaptador de conector Lightning a USB para cámara,6,9.989
99937464,Apple,"Cargador MagSafe 2 de 60 W (para MacBook Pro conpantalla Retina de 13"")",5,29.988
99937465,Apple,"Cargador MagSafe 2 de 85 W (para MacBook Pro conpantalla Retina de 15"")",1,39.990
99937462,Apple,Cargador MagSafe para Mac 85W,1,39.990
99922211,Apple,Cargador original Magsafe 2 60W para MacBook Pro Retina,2,29.988
Accesorios Reflex,,,,
99928426,Canon,Batería LP-E10,2,29.990
99928428,Canon,Batería LP-E8,1,29.990
99925409,Canon,Control Remoto Inalámbrico RC-6,1,19.990
Accesorios Tablas Digitalizadoras,,,,
99929683,Wacom,Cable 3 en 1 para Cintiq 13HD y Companion STJA328,3,6.990
99929685,Wacom,Cable USB 1m para Intuos y Bamboo STJA307,4,4.990
99933397,Livescribe,Livescribe 2GB Echo Smartpen,1,24.990
99928566,Wacom,"Lápiz para Intuos Art, Comic, Draw LP190K",4,9.990
99928573,Wacom,Stand McAllan para MobileStudio Pro 13 & 16 ACK627K,1,25.990
Accesorios Tablets,,,,
99914848,Microlab,"Adaptador SD/MMC/TF micro SD /T2/MM Duo para GalaxyTab",2,990
99948109,Apple,Apple Pencil (1a Generación),1,71.990
99937334,Apple,Apple Pencil (1a generación),20,68.990
99913152,Microlab,"Cable cargador y sincronizador USB para iPad 2, iPhone,iPod",1,1.990
Accesorios de Drones,,,,
99931709,DJI,Hub Cargador de Baterías Mavic 2,1,19.990
99917396,DJI,Phantom 2 - GPS,1,45.967
99919944,Syma,X5C Quadricoptero - Hélices,4,490
99919945,Syma,X5C Quadricoptero - Protección Hélice,43,389
Accesorios de Impresoras,,,,
99927700,Brother,Bandeja inferior de 500 hojas LT-320,1,49.990
99925742,Epson,Bateria Externa Picturemate PM-525,2,24.990
99931639,Brother,Unidad de Transferencia  BU-223CL,1,41.990
Access Point,,,,
SKU,Marca,Nombre,Stock,"Precio Unitarioc/Iva"
9995919,Air802,Access Point / Router AP-G250 250mW,8,14.990
9996950,Advantek,Access Point / Router AWR-1054GR/E,2,9.990
9992021,DLink,Access Point 2.4 GHz N300 DAP-1360,24,4.990
99913273,DLink,Access Point 2.4 GHz PoE AirPlus DAP-2360,2,42.990
99910414,Tenda,Access Point 300Mbps Slim W301A,1,11.990
99914149,Linksys,Access Point Dual-Band N300 WAP300N,8,20.990
99910725,TPLink,Access Point PoE 2.4 GHz N150 TL-WA701ND,15,6.990
99910797,TPLink,Access Point PoE 2.4 GHz N300 TL-WA901ND,9,13.990
9994007,Linksys,Access Point WAP54G,2,12.990
99913055,Linksys,Bridge Inalambrico WUMC710,3,45.990
Actuadores,,,,
99927582,Adafruit,Matriz LED 16x24 Roja concatenable con driver HT1632C,1,7.990
99927724,Luckylight,Matriz LED RGB 8x8 miniatura,1,1.490
Adaptadores Bluetooth,,,,
99923463,Spektra,"Adaptador Bluetooth para Audio - transmisor y receptor deaudio",4,9.990
99932427,Spektra,Adaptador USB-Bluetooth Micro 4.0,1,9.990
Adaptadores PC,,,,
99922973,Spektra,Adaptador DisplayPort a HDMI Blanco,1,1.990
99922969,Spektra,Adaptador HDMI macho a VGA hembra blanco,1,990
99922983,Spektra,Adaptador Micro HDMI a VGA,1,3.990
99921836,PCF OEM,Adaptador Micro HDMI a VGA con Sonido,1,2.990
99922974,Spektra,Adaptador Mini DisplayPort a VGA,5,1.990
99922971,Spektra,Adaptador Mini HDMI a VGA,8,990
99936124,Kensington,Adaptador USB-C a USB-A,2,4.990
99924763,PCF OEM,Adaptador VGA-macho a HDMI-hembra,3,2.990
9998944,Spektra,Cable Adaptador USB a Puerto Paralelo,1,2.990
9996201,PCF OEM,Cable Adaptador USB a Puerto Paralelo,4,990
99932317,Tripp Lite,"Extensor HDMI Inalámbrico con IR, 50 metros",1,83.990
Aire Acondicionado Portátil,,,,
99935308,Kendal,Aire Acondicionado Portátil ECO II 7000 Solo Frío,1,89.990
Alarmas,,,,
99916063,Opexia,Control Remoto de Alarma,1,1.990
99918750,Opexia,Kit Alarma inalámbrica GSM compatible con Smartphone,13,34.990
99927614,Drakon,Kit Casa Segura,4,39.990
99927611,Drakon,"Kit de seguridad (1x central alarma, 2x cámaras, 10xsensores, 2x controles remoto, 2x sirenas)",1,119.990
99935201,Drakon,Kit seguridad Alarma + Sirena + Sensores,2,39.990
99927487,Gear,Sensor de Movimiento GR-M101,1,2.990
SKU,Marca,Nombre,Stock,"Precio Unitarioc/Iva"
99935750,Wirmel,Sirena / Alarma SI-100H,1,9.990
All-in-One,,,,
99941516,Asus,"All In One Vivo V222 21.5"" FullHD Intel Pentium Gold 6405U4GB 1TB + 128GB SSD Windows 10 V222FAK-BA298T",1,215.990
99943513,HP,"All in One 22"" FullHD Intel Pentium J5040 8GB 256GB SSDWindows 11 22-dd0533la",1,329.990
99939249,HP,"All in One 23,8"" FullHD Intel Core i3-1115G4 4GB 1TBWindows 10 24-df1000la",1,311.990
99948043,Gear,"All in One A2769 27"" FullHD Intel Celeron N4000 4GB 240GBSSD",1,155.990
99947487,Lenovo,"LIQ - All In One IdeaCentre A340 23.8"" FullHD Intel CeleronJ4025 4GB 1TB Windows 10",2,190.990
99948091,HP,"LIQ - All in One 21.5"" FullHD Intel Pentium J5040 4GB256SSD Windows 11 22-dd2009la",1,227.990
99948566,HP,"LIQ - All in One 23,8"" FullHD Intel Core i3-1115G4 4GB 1TBWindows 10 24-df1000la",1,305.830
99946781,HP,"LIQ - All in One 23,8"" FullHD Intel Core i3-1115G4 4GB 1TBWindows 11 24-df1000la",1,279.304
99948887,Gear,"LIQ - All in One A2769 27"" FullHD Intel Celeron N4000 4GB240GB SSD",3,142.086
99947624,Lenovo,"LIQ - All in One IdeaCentre 3 23.8"" FullHD AMD Athlon 3050U8GB 512GB SSD Windows 11",1,249.989
45945,Lenovo,"LIQ - All in One IdeaCentre A340 24"" FullHD   i3-10110U 4GB1TB  Windows 11",1,337.990
99945945,Lenovo,"LIQ - All in One IdeaCentre A340 24"" FullHD   i3-10110U 4GB1TB  Windows 11",2,275.919
99947871,Lenovo,"LIQ - All in One Ideacentre A340 23.8"" FullHD Intel PentiumJ5005 4GB 1TB Windows 11",4,227.990
46573,Dell,"LIQ - All in One Inspiron 5400 23.8"" Full HD Intel i7-1165G716GB 1TB+256GB SSD  Windows 10",1,669.990
99945395,Asus,"LIQ - All in One Zen AiO 24 A5401 23.8"" FullHD Intel Core i7-10700T 8GB 1TB + 256GB SSD MX330 2GB Windows 10A5401WRPK-BA006T",1,758.836
Antenas,,,,
99936476,YXWireless,Antena Repetidora de Señal de Celular 2G/ 3G Reply,1,59.976
99928650,YXWireless,Antena Repetidora de Señal de Celular 3G Reply,1,39.984
99925424,YXWireless,Antena Repetidora de señal Celular 3G Reply,4,39.984
99918627,YXWireless,Antena Reply de señal Celular 3G,7,39.984
Antenas TV Digital,,,,
99923539,RCA,Antena TV ANT 121,2,7.990
Artículos de Escritorio,,,,
99936630,Kensington,Apoya Pies Solemassage,1,9.990
99932490,Deepcool,Base para Monitor Standar 55x26cm,1,9.989
SKU,Marca,Nombre,Stock,"Precio Unitarioc/Iva"
Asistentes de Voz,,,,
99932090,IHome,Parlante para Alexa Echo Dot (2nd Gen),1,29.990
Aspiradoras Robot & Limpieza,,,,
99941321,iRobot,"Aspiradora Robot Roomba S9+ compatible con Alexa yGoogle assistant",1,575.990
Audio All in One,,,,
99938512,Sony,Minicomponente MHC-V13,1,189.989
99928263,Master G,Parlante Karaoke SPBT12,3,39.990
99928262,Master G,Parlante Karaoke SPBT8,3,28.990
Audífonos Call-Center,,,,
99925199,Spektra,Audifono Headset Negro c/mic,6,1.490
99925198,Spektra,Audifono Headset PC Blanco c/mic,15,1.490
99935975,Logitech,Audifono Stereo Headset H151,1,5.990
9995447,Genius,Audifonos HS-04S,1,1.990
99939452,Kensington,Audífonos Kensington Stereo USB K97601WW,1,8.990
Audífonos Gamer,,,,
99947873,Logitech,Audífono Gamer G335 Mint,1,73.990
99938017,Turtle Beach,Audífono Gamer Stealth 300 Negro/Azul,2,40.990
99939676,Corsair,Audífono Gamer Void Elite Stereo,1,34.990
Audífonos Headset,,,,
99939706,Philips,Audifono Bluetooth SHB3075 Negro,1,19.990
99931242,Panasonic,Audifono RP-HF100 Azul,1,5.990
99927669,Panasonic,Audifono RP-HF100 Negro,1,14.990
99938131,Motorola,Audífono Bluetooth Escape 220 Negro,1,8.990
99936824,Skullcandy,Audífono Bluetooth RIFF Negro,3,34.990
99921097,Panasonic,Audífono Bluetooth RP-BTD5 Negro,1,8.990
99932669,Altec Lansing,Audífono Evolution 2 Bluetooth Mint,1,19.990
99928722,Altec Lansing,Audífono Evolution 2 Bluetooth Negro,1,19.990
99939734,Vivitar,Audífono Headset Bluetooth,1,6.990
99923382,Sony,Audífono MDR-ZX110AP Negro,1,7.990
99935320,Altec Lansing,Audífono R3volution X Headphones Negro,3,8.990
99923313,Sony,Audífono reproductor MP3 Sport NW-WS413 4GB Negro,1,24.990
99946479,SoyMomo,Audífonos Para Niños Rosado,1,14.990
Audífonos In Ear,,,,
99937437,Apple,AirPods (2a generación),9,68.990
99944044,Apple,AirPods Pro con estuche de carga MagSafe,1,99.990
99925195,22N,Audifono In Ear Negro C/Mic,1,4.990
99940014,Xiaomi,Audifono Mi TWS Earbuds Basic 2,1,29.990
99924845,Philips,Audifono SHE3595 Azul,2,9.990
SKU,Marca,Nombre,Stock,"Precio Unitarioc/Iva"
99933585,Apple,Audifonos Apple Airpods 2a generación,5,69.990
99935232,Skullcandy,Audifonos Ink'd Plus Negro/Gris,3,19.990
99940863,Sennheiser,Audífono Bluetooth CX400 TWS,1,97.580
99935375,Microlab,Audífono Bluetooth Flow Twins TWS Blanco,2,4.990
99939138,Huawei,Audífono Bluetooth FreeBuds PRO TWS Blanco,1,89.989
99942990,Huawei,Audífono Bluetooth FreeBuds PRO TWS Silver,2,96.990
99934273,Sony,Audífono Bluetooth In Ear 1000XM3 TWS,3,90.990
99936829,Skullcandy,Audífono Bluetooth JIB+ Negro,3,13.990
99932624,Panasonic,Audífono Bluetooth NJ310BE Negro,1,19.990
99942051,Skullcandy,Audífono Bluetooth Sesh Evo Negro TWS,5,43.990
99948214,Skullcandy,Audífono Bluetooth Sesh Evo TWS Bleach Blue,1,44.990
99936305,Skullcandy,Audífono Bluetooth Sesh Negro,1,24.990
99935107,Sol Republic,Audífono Bluetooth Shadow Wireless Negro,1,19.990
99938666,Altec Lansing,Audífono Bluetooth Sport MZX857,1,19.990
99938316,Sony,Audífono Bluetooth XB700 TWS Negro,10,74.990
99929699,Panasonic,Audífono Deportivo Bluetooth RP-BTS10 Amarillo Fluor,1,9.990
99943488,Samsung,Audífono EO-IC100 Negro conector USB tipo C,1,11.900
99917523,Apple,Audífono EarPods con Micrófono para iPhone/iPod,1,9.989
99943471,AIWA,Audífono In Ear Bluetooth AW-680BT negro,1,9.990
99932623,Panasonic,Audífono In Ear TCM-55 Negro,3,3.990
99940472,Skullcandy,Audífono In ear TWS Indy Evo Negro,7,35.990
99939712,Skullcandy,Audífono In ear TWS JIB True Negro,15,28.990
99921858,Sony,Audífono MDR-E9LP Blanco,1,2.989
99923381,Sony,Audífono MDR-EX15AP Blanco,1,9.990
99923380,Sony,Audífono MDR-EX15AP Negro,1,9.990
99927660,Philips,Audífono SHE3555 Negro,1,9.990
99933661,Bose,Audífono SoundSport IE Android,1,56.990
99946651,Sony,Audífono WI-C100/BZUC Negro,1,39.990
99934823,Sony,Audífono WI-C310 Negro,2,17.850
99936434,Huawei,Audífono in ear CM33 conector USB tipo C,1,5.950
99937438,Apple,Audífonos EarPods conector 3.5mm,17,9.989
99937440,Apple,Audífonos EarPods conector lightning,35,9.989
99943115,Samsung,Audífonos In Ear TWS Galaxy Buds2 Negros,1,68.990
99939326,Philips,Audífonos In Ear TWS Upbeat SHB2505 Negro,1,19.990
99945743,Skullcandy,Audífonos In ear WTS Dime Negro,2,17.990
99948256,Beats,Audífonos In-Ear Beats Flex - Azul Flama,1,48.990
99934229,Sony,Audífonos MDR-EX110APB Negro,1,7.990
99939732,Vivitar,Audífonos in ear Air Vibes TWS Negro,1,9.990
Banda Ancha Móvil,,,,
SKU,Marca,Nombre,Stock,"Precio Unitarioc/Iva"
99925669,Huawei,BAM Huawei E8372 (4G + Wifi) Entel,6,14.990
99921909,Huawei,MiFi Huawei E5573 4G Prepago WOM,9,19.990
99941077,ZTE,Mifi ZTE MF920u1 4G Prepago WOM,9,26.990
99923982,Huawei,Router Huawei B310 WOM,1,53.990
99934010,Huawei,Router Huawei B311 WOM,1,46.990
Barras de Sonido,,,,
99930115,JBL,Soundbar Bluetooth Bar 2.0,1,89.989
Baterías de Notebooks,,,,
99930152,PCF OEM,"Batería alternativa para Notebook Dell Inspiron 13R 14R 15R3010 4010 Vostro",1,2.990
Bolsos Tablets,,,,
99938860,Case Logic,"Funda Tablet  8"" con elástico Negra",1,4.990
99944808,Kensington,"Funda Universal para Tablets de 10"" y 11"" Negra",1,4.990
99938862,Case Logic,"Funda para tablet de 10"" estilo libreta con cierre de elastico",1,2.990
99942940,Targus,"Mica Protectora para iPad® 10.2"" (8th and 7th gen.)",1,1.990
CPU Intel s1151,,,,
99924539,Intel,CPU Core i7-7700K 4.2GHz 8MB (1151),1,69.990
99936158,Intel,CPU Intel Core i3-9100 3.6GHz  6MB (1151-v2),1,39.990
CPU Intel s1700,,,,
99945278,Intel,CPU Intel Core i3-12100F 3.30GHz 12MB (s1700),1,69.990
Cables,,,,
99943323,Spektra,Cable USB 4.0 Spektra,1,5.989
Cables Adaptadores Audio,,,,
99937740,Spektra,Cable Audio 3.5mm Jack a Jack 1.8m,1,490
99940149,Spektra,Cable Audio Estéreo 2 XLR hembra a XLR macho - 3mts,2,490
99923273,Spektra,Cable Audio Estéreo 3.5mm a 3.5mm 90° - 2mts,1,490
99923272,Spektra,Cable Audio Estéreo 3.5mm macho a 3.5mm hembra - 3mts,1,490
99923277,Spektra,Cable Audio Estéreo XLR Macho a 2xXLR Hembra - 3mts,1,490
99937739,Spektra,Cable USB C a salida Jack 3.5mm 1.2m,1,3.990
99923281,Spektra,Cable Óptico de Audio Digital mini 3.5mm - 3mts,1,2.990
Cables Adaptadores Video,,,,
9992004,Sapphire,Adaptador Activo Mini DisplayPort a DVI (EyeFinity),1,7.990
99937660,Spektra,Adaptador HDMI Hembra a HDMI Macho 90°,1,1.990
9991280,Spektra,Adaptador de DVI-I macho a VGA hembra,43,490
99935215,One For All,Cable Componente A/v Compuesto,1,990
9998955,Spektra,Cable Extensión para Monitor VGA m/h 15 pins  3.0m,10,990
9998952,Spektra,Cable Video DVI-I macho / VGA macho 1.8m,3,990
9991274,Spektra,Cable Video HDMI macho / DVI-D macho 1.8m,1,990
99934805,Spektra,Cables HDMI 1.4 de 1.8 metros,1,1.990
SKU,Marca,Nombre,Stock,"Precio Unitarioc/Iva"
Cables Coaxiales,,,,
99926315,Spektra,Cable Coaxial 5M RP-SMA Macho a Macho,2,2.990
Cables Datos / USB,,,,
99944564,Satechi,Adaptador USB a USB-C,2,9.990
99944569,Satechi,Adaptador USB-C a USB,4,4.990
99934149,Spektra,Cable SATA (Serial-Ata) Datos (8P)  90,1,490
99934148,Spektra,Cable SATA (Serial-Ata) Datos (8P) 180°,1,490
99937733,Spektra,Cable USB 3.1 a USB  B 1.8m,1,490
Cables Desktop,,,,
99930178,Silverstone,Cable 8 pin a  EPS12V 4+4 pin,1,990
99930167,Silverstone,Pack de cables PSU,1,7.990
Cables Poder,,,,
99919868,Tripp Lite,Adaptador de Salida C13 a Universal,2,2.990
99919152,PCF OEM,Cable de Poder y Spliter Molex a SATA 17 cm,1,1.990
Cables de Red,,,,
99915076,Exelink,Cable Telefónico + Conectores RJ11 - 2.1mts,3,990
99931944,Spektra,"Cable patch cord UTP CAT5E + Conectores RJ45 0.6m -100% Cobre",1,990
Cables y Adaptadores,,,,
99913758,Apple,Adaptador 30 Pines a VGA MC552ZM/B,1,6.180
99936334,Apple,Adaptador HDMI a DVI,1,9.989
99920677,Apple,Adaptador Lightning a  USB,6,9.989
99919993,Apple,Adaptador Lightning a Micro USB,11,9.989
99913512,Apple,Adaptador Mini DisplayPort a DVI-D para Macbook,1,9.989
99937457,Apple,Adaptador de Lightning a entrada de 3.5 mm para audífonos,1,4.990
99919669,Apple,Adaptador de Video VGA a USB-C,1,19.990
99937678,Apple,Adaptador multipuerto de USB-C a VGA,1,19.990
99919984,Apple,Apple Mini Display Port to VGA Adapter,3,9.989
99937484,Apple,Cable de carga USB-C (2 m),4,9.989
Calculadoras,,,,
99936147,Casio,Calculadora Científica FX-82MS-2,1,24.990
99936145,Casio,Calculadora Gráfica FX-7400GII,1,24.990
Candados y Seguridad,,,,
99936087,Kensington,Cable  ClickSafe 2.0 con Kit  Dell®,8,4.990
99932677,Targus,"Candado Notebook 3 en 1 Cabezales Intercambiables Tbar-Nano-Noble",1,9.990
99914049,Kensington,"Candado Notebook Clicksafe con llave 1,5 mts",2,4.990
99924156,Targus,"Candado Notebook Defcon con clave 1,98 mts",2,4.990
99924157,Targus,"Candado Notebook Eco con clave 1,5 mts",7,4.990
SKU,Marca,Nombre,Stock,"Precio Unitarioc/Iva"
9994655,Kensington,Candado Notebook MicroSaver con llave 1.8 mts,7,4.990
99932886,Kensington,"Candado Notebook MicroSaver® 2.0 con llave 1,8mts",1,4.990
99922128,Kensington,"Candado Notebook MiniSaver para Ultrabook con llave 1,8mts",11,4.990
Capturadoras de Video,,,,
99937942,Gear Gamer,Capturadora Gamer Leeroy 1080P HD,2,25.990
99932348,AverMedia,Capturadora Live Gamer Mini 1080P FHD,1,46.990
Carcasas,,,,
99923913,Samsung,Carcasa J7 2016 Flip Wallet - Negro,1,4.990
99927443,GSM,Carcasa Moto G4 Negra,1,490
99927448,GSM,Carcasa Samsung J5 Prime Negra,1,490
27453,GSM,Carcasa Samsung J7 Prime Fucsia,2,490
27452,GSM,Carcasa Samsung J7 Prime Negra,1,490
33729,MobileHUT,Carcasa Y9 2019 Negra,1,990
18054,Samsung,Para Galaxy Grand 2 Duos carcasa flip wallet negra,1,490
Cargadores Notebooks,,,,
99946519,Spektra,"Cargador alternativo para Notebook Acer, 65W, 19V, 3.42A,conector 5.5mm*1.7mm c/cable de poder",1,10.990
99940648,Spektra,"Cargador alternativo para Notebook Asus, 45W, 19V, 2,37A,conector 5.5mm*2.5mm",1,2.990
99946522,Spektra,"Cargador alternativo para Notebook Dell, 45W, 19.5V, 2.31A,conector 4.5mm*3.0mm C/Cable de Poder",1,10.990
99940628,Spektra,"Cargador alternativo para Notebook HP 65W, 19,5V, 3.33A,conector 4,5mm*3mm",1,4.990
99946534,Spektra,"Cargador alternativo para Notebook Lenovo, 65W, 20V,3.25A, Modelo Yoga C/Cable de Poder",1,16.990
99940639,Spektra,"Cargador alternativo para notebook Lenovo, 45W, 20V,2.25A, conector 4mm*1.7",1,4.990
Cargadores para automóvil,,,,
99918047,Samsung,Cargador de Auto con Cable Micro USB Samsung Negro,1,4.990
99916833,Cygnett,Cargador de Auto con cable 30 Pin 1M Cygnett Negro,1,2.990
Cargadores para casa,,,,
99916842,PCF OEM,"Cargador (Adaptador) USB para Auto y Casa con CableRetractil 30 pin para iPhone 4/4S",5,2.990
99926764,Apple,Cargador (Adaptador) de casa 5W para iphone/iPad Sin cable,1,4.990
99939003,Apple,Cargador (Adaptador) de casa 5W para iphone/iPad Sin cable,1,4.990
99917589,Belkin,Cargador (Adaptador) de casa 5W sin cable Negro,1,2.490
99916871,Spektra,Cargador (Adaptador) de pared universal Sin cable,1,2.990
99944879,Samsung,Samsung Cargador Inalámbrico para Auto,2,24.990
Cartuchos de Tinta y Botellas para Impresoras,,,,
99920551,Brother,Botella de Tinta Original Brother BT5001M Magenta,1,2.990
SKU,Marca,Nombre,Stock,"Precio Unitarioc/Iva"
99936872,Canon,Botella de Tinta Original Canon GI-10 Cyan,1,7.990
99913205,Epson,Botella de Tinta Original Epson  T673520-AL Cyan Claro,1,5.990
99938644,Epson,Botella de Tinta Original Epson T524120-AL Negro,1,39.990
99938646,Epson,Botella de Tinta Original Epson T524320-AL Magenta,2,9.990
99917308,Epson,Botella de Tinta Original Epson T774120-AL Negro,3,6.990
99917101,Brother,Cartucho de Tinta Original Brother  LC505 Cyan,1,1.990
99917100,Brother,Cartucho de Tinta Original Brother  LC509 Negro,1,1.990
99912446,Brother,Cartucho de Tinta Original Brother  LC60 Amarillo,1,1.990
9993791,Brother,Cartucho de Tinta Original Brother  LC75 Magenta,1,1.990
99921102,Canon,Cartucho de Tinta Original Canon PG-44 Negro,1,1.990
999437,Epson,Cartucho de Tinta Original Epson T073120-AL Negro,1,1.990
999941,Epson,Cartucho de Tinta Original Epson T073420-AL Amarillo,2,1.990
99921517,Epson,Cartucho de Tinta Original Epson T296120-AL Negro,1,1.990
99914233,Epson,"Cartucho de Tinta Original Epson T58464 colores + Papelfotográfico",1,49.990
99912548,HP,Cartucho de Tinta Original HP 662 XL Negro,1,8.990
99921755,Canon,Cassette Papeles+Tintas Selphy KP-108,4,10.990
Cintas (Rotuladoras),,,,
99923136,Brother,"Cinta blanca-Texto negro  DK-1209 62mm / 29mm 800etiquetas (Ancho / Largo)",5,9.989
99923135,Brother,"Cinta blanca-Texto negro DK-2205 62mm / 30,48m (Ancho /Largo)",1,4.990
99929601,Brother,"Cinta blanca-Texto negro DK-2210 29mm/ 30,48 m(Ancho/Largo)",1,2.990
99927246,Brother,Cinta blanca-Texto negro M-231 12mm / 8mm (Ancho / Largo),3,4.192
99911314,Brother,"Cinta blanca-Texto negro TZe-S251 24mm / 8m (Ancho /Largo)",1,2.990
99926241,Brother,"Cinta fondo blanco-Texto Rojo/Negro DK-2251 62mm / 15,2m(Ancho / Largo)",1,2.990
Combos Teclado / Mouse,,,,
99947570,Trust,Combo Gaming 4-in-1 Trust Ziva Bundle,2,19.990
99947621,HP,Combo HP Teclado y Mouse 650 Wireless Black,1,37.990
99937121,Spektra,Combo Teclado + Mouse  USB Negro KM-500,2,5.990
99938212,Gamdias,Combo Teclado + Mouse + MousePad Ares P2 3-en-1,1,14.989
99936112,HP,Combo Teclado + Mouse HP 160 USB Negro,2,9.989
9993814,Genius,Combo Teclado + Mouse Inalámbrico SlimStar i820,9,6.990
99925616,Spektra,Combo Teclado + Mouse MKC-117 USB Negro,5,4.990
99924358,Gear,"Combo Teclado + Mouse Multimedia MKW-217 WirelessNegro",12,6.990
9996537,Microsoft,Combo Teclado + Mouse Optical Desktop 600 USB,1,8.990
9999845,Genius,Combo Teclado + Mouse SlimStar 8000 / Wireless,13,6.990
SKU,Marca,Nombre,Stock,"Precio Unitarioc/Iva"
99915238,Genius,Combo Teclado + Mouse SlimStar 8000ME Wireless,5,5.989
99935740,Genius,"Combo Teclado + Mouse Smart KM-8100 2.4 GHz WirelessNegro",1,3.990
99935965,Corsair,"Combo Teclado Gamer K55 Inglés + Mouse Gamer HarpoonRGB LED USB",3,41.990
99944794,Gamdias,"Combo Teclado Hermes E1C + Mouse Gamer Multi 3-in-1Brown Switch US Silver",2,34.990
99916613,Genius,Combo USB Teclado + Mouse KM-200,2,3.990
Componentes Electrónicos,,,,
99930547,PCF OEM,40-pin placa extensora FPC + cable FFC 200m,1,990
99930565,PCF OEM,Capacitor Electrolitico 4700uF 10V,2,490
99930462,PCF OEM,Resistores through-hole 2.2k 1/4W 5% - 25pcs,1,990
99930553,Adafruit,Shield para Arduino - 12 x Touch Capacitivo,1,4.990
Conectores de Red,,,,
99925642,Spektra,Faceplate dos puertos,3,490
9998176,Air802,Faceplate un puerto,1,490
99921696,Spektra,Faceplate un puerto,2,490
99925917,Tenda,Inyector PoE 10/100 15W 48V,1,2.990
99934876,Tripp Lite,"Juego Extensor Activo DisplayPort a HDMI sobre Cat5 / Cat6,45m",1,19.990
99943297,TPLink,Splitter PoE,1,5.990
Controles TV,,,,
99923542,RCA,Control Remoto RCR-3273,1,9.990
Cámaras IP,,,,
99916607,Genius,Camara IP SmartCam 220,10,9.990
99925633,AirLive,Carcaza de seguridad para camara Airlive BC-5010,1,5.990
99910549,DLink,Cámara IP Inalambrica DCS-2130,1,24.990
99916061,Opexia,Cámara IP Inalámbrica,1,19.990
99917110,DLink,Cámara IP Inalámbrica DCS-5020L,1,29.990
9991517,DLink,Cámara IP Inalámbrica DCS-930L,2,9.990
99919118,DLink,Cámara IP Power Line Domo DCS-6045 LKT,1,39.990
99946055,Wirmel,"Cámara Seguridad IP Full HD WiFi de interior con movimiento360°1080P compatible con Google Assistant y Alexa DG-200",1,24.990
99929921,HIKVISION,Soporte para Mini PTZ DS-2DE2202-DE3/W,1,5.990
Cámaras Mirrorless,,,,
99949050,Nikon,LIQ - Cámara Mirrorless Z FC + Lente 16-50mm,1,680.076
DIRECTV,,,,
99924816,DIRECTV,Kit Prepago Familiar DIRECTV,2,9.990
DVD,,,,
99922600,Asus,DVDRW SATA 24x Negro DRW-24F1ST,28,4.990
SKU,Marca,Nombre,Stock,"Precio Unitarioc/Iva"
99914759,LG,DVDRW SATA 24x Negro OEM GH24NS,185,2.990
99919300,LG,DVDRW SATA 24x Negro OEM GH24NSC0B,251,2.990
Desktop,,,,
99946071,Gear,Desktop AMD Athlon 3000G 8GB 1TB,1,110.990
99947178,Gear,Desktop AMD Ryzen 3 Pro 4350G 8GB 240GB SSD DVDRW,2,245.990
99946452,Gear,Desktop AMD Ryzen 5 4650G 8GB 1TB + 128GB SSD,1,599.990
99947546,Gear,"Desktop Gamer Blue Demon Intel Core i5-10400 8GB 500GBSSD NVIDIA PH-GTX1650 4GB",2,461.990
99946979,Gear,"Desktop Gamer Blue Demon Intel i5-10400 8GB 240GBNVIDIA GTX1650 4GB",2,779.990
99946293,Gear,"Desktop Gamer Blue Demon Intel i5-11400 8GB 1TB NVIDIAGTX 1660 6GB",1,819.990
99946217,Gear,"Desktop Gamer Blue Demon Intel i5-11400 Tray 8GB 1TBNVIDIA GTX 1650 4GB",1,509.990
99945341,Gear,"Desktop Gamer Red Demon Intel Core i5-10400 8GB 240GBSSD NVIDIA GTX1650 Phoenix 4GB",1,444.990
99934978,Gear,Desktop Intel Celeron J4005 4GB 1TB,1,53.990
99937532,Gear,"Desktop Intel Celeron J4005 4GB 1TB Windows 10 +Microsoft 365 Personal formato digital",1,79.990
99947441,Gear,Desktop Intel Celeron J4005I-C 8GB 240GB SSD,1,259.990
99946455,Gear,Desktop Intel Celeron Prime J4005I-C 8GB 1TB,1,299.990
99946454,Gear,Desktop Intel Celeron Prime j4005i 4GB 1TB,1,113.990
99944141,Gear,Desktop Intel Core i5-10400 8GB 240GB SSD DVDRW,2,238.000
99944169,Gear,Desktop Intel Pentium Gold G6405 4GB 1TB,1,168.990
99943968,Gear,Desktop Intel Pentium Gold G6405 4GB 1TB,1,128.990
99947730,Gear,"LIQ - Desktop AMD Ryzen 3 Pro 4350G 8GB 240GB SSDDVDRW",1,221.757
99948972,Gear,"LIQ - Desktop AMD Ryzen 5 5600G 8GB 1TB HDD + 480GBSSD",1,356.967
99948057,Gear,"LIQ - Desktop AMD Ryzen 5 5600G 8GB 240GB SSDDVDRW",1,330.820
99947170,Gear,"LIQ - Desktop Gamer Blue Demon Intel Core i3-10105 8GB1TB NVIDIA GTX 1050Ti 4GB",1,400.244
99947467,Gear,"LIQ - Desktop Gamer Blue Demon Intel i3-10100F 8GB 1TBNVIDIA PH-GTX 1650 4GB",2,388.143
99947096,Gear,"LIQ - Desktop Gamer Blue Demon Intel i5-10400 8GB 1TBNVIDIA GTX 1650 4GB",1,454.782
99946698,Gear,"LIQ - Desktop Gamer Blue Demon Intel i5-11400 8GB 1TBNVIDIA GTX 1660 6GB",3,615.990
99947501,Gear,"LIQ - Desktop Gamer Intel Core i3-10105F 8GB 1TB NVIDIAGTX1650 Phoenix",1,381.990
99947407,Gear,"LIQ - Desktop Gamer Intel Core i3-9100F 8GB 1TB NVIDIAGTX1650 Phoenix",1,299.990
SKU,Marca,Nombre,Stock,"Precio Unitarioc/Iva"
99946660,Gear,"LIQ - Desktop Gamer Intel Core i5-10400F 8GB 1TB NVIDIAGTX 1650 4GB",3,389.990
99948541,Gear,"LIQ - Desktop Gamer Intel i7-11700K 16GB 480GB SSD TUFRTX3060Ti 8GB",1,899.990
99947431,Gear,"LIQ - Desktop Gamer Red Demon AMD Ryzen 5 5600 8GB1TB NVIDIA GTX 1650 4GB",1,487.900
99948971,Gear,"LIQ - Desktop Gamer Red Demon AMD Ryzen 5 5600X 8GB1TB NVIDIA GTX1660S 6GB",1,589.068
99947514,Gear,"LIQ - Desktop Gamer Red Demon Intel Core i3-10100 8GB1TB NVIDIA PH-GTX 1650 4GB",1,427.990
99946411,Gear,"LIQ - Desktop Gamer Red Demon Intel Core i3-10105F 8GB1TB NVIDIA GTX1650 Phoenix",2,377.990
99946696,Gear,"LIQ - Desktop Gamer Red Demon Intel Core i3-9100F 8GB250GB SSD NVIDIA GTX1650 Phoenix 4GB",2,387.990
99947500,Gear,"LIQ - Desktop Gamer Red Leeroy AMD Ryzen 5 3500 8GB1TB + 128GB SSD NVIDIA GTX1650 4GB MINI",1,427.990
99944946,Gear,LIQ - Desktop Intel Core i3-9100 4GB 1TB Windows 10,1,249.900
9999812,Gear,"XS-58a AMD Dual Core E350 / 2Gb / 500 / HD6310 / DVDRW/ TMP",1,59.989
Discos Duros PC,,,,
99912396,Toshiba,Disco Duro 500GB Sata3 7200 rpm 32MB,38,9.990
99921708,WD,Disco Duro PC 500GB Blue [32 MB],1,19.990
Discos Externos,,,,
99919766,Seagate,"Disco Externo 1TB 2,5"" USB 3.0 Portable Expansion DriveNegro",1,29.990
99941387,WD,"LIQ - Disco Externo 1TB 2.5"" USB 3.0 Elements Negro",1,19.635
Discos Notebooks,,,,
99932412,Toshiba,Disco Notebook 500GB L200,1,16.990
Discos SSD,,,,
99947905,Kingston,LIQ - Unidad SSD 500GB PCIe NVMe Gen4 M.2 NV2,1,23.690
99947167,WD,"LIQ - Unidad SSD 500GB PCIe NVMe Gen4 M.2 SN850Black",1,58.191
Discos Servers,,,,
99911197,IBM,"Disco SAS 600GB 2.5""  SFF HS 10k (49Y2003)",1,79.990
99913900,HP,"Disco Sata 1TB Server 3.5"" (659337-B21)",2,49.990
99932574,Dell,"Disco Server 1TB 7.2K RPM SATA 6Gbps 3.5in Cabled HardDrive (T30/T140/R240)",1,19.990
99926487,HPE,"Disco Server 1TB SATA 7.2K LFF RW HDD(ML30/MicroServer)",1,39.990
99932814,Lenovo,"Disco Server ThinkSystem 3.5"" 1TB 7.2K SATA - Non-HotSwap 512n (ST50)",1,29.990
99940329,HPE,"LIQ - Disco Server 1TB SATA 7.2K LFF RW HDD(ML30/MicroServer)",1,52.360
SKU,Marca,Nombre,Stock,"Precio Unitarioc/Iva"
Enclosure (Cofres),,,,
9999411,Spektra,"Cofre 2.5"" HD SATA USB 2.0",1,3.990
9999377,Spektra,"Cofre 3.5"" HD SATA USB 2.0 Metálico",12,4.990
9999406,Spektra,"Cofre 3.5"" HD SATA USB 2.0 Plástico",23,2.990
99928311,Spektra,"Cofre 3.5"" HDD SATA USB 3.0 Aluminio - SP-M350",9,4.990
9997017,Microlab,"Cofre 3.5"" SATA / USB",1,5.950
9999181,Spektra,"Docking Lector Disco Duro 2.5""/3.5"" HD SATA y MemoriasFlash / USB 2.0",1,4.990
Equipos de Corte y Estampado,,,,
99946521,Cricut,Plancha Térmica Cricut Easy Press 2 (22 x 22 cm),1,229.990
99935393,Silhouette,Plotter de corte Cameo 4 color Blanco,1,289.990
99923448,Brother,Plotter de corte ScanNcut CM-650W,2,249.989
Extensores de Red,,,,
99938424,TPLink,Extensor PLC (vía Red Eléctrica) AV1000 + Wi-Fi AC750,1,51.990
99920272,DLink,"Extensor PLC (vía Red Eléctrica) AV200 + WIFI N150 DHP-W221AV",5,34.990
99918955,TPLink,Extensor PLC (vía Red Eléctrica) AV200 TL-PA2010KIT,1,11.990
99919115,DLink,"Extensor PLC (vía Red Eléctrica) AV500 + WiFi N300 DHP-W311AV",4,9.990
99934659,TPLink,"Extensor PLC (vía Red Eléctrica) AV600 + WiFi N300 TL-4220KIT",1,39.990
99924919,TPLink,"Extensor PLC (vía Red Eléctrica) Kit Extensor/ReceptorAV500 + WiFi N300 TL-WPA4220KIT",1,35.990
99927153,Tenda,Extensor PLC (vía eléctrica) AV1000 PH3,2,9.990
99924485,TPLink,Extensor PLC (vía eléctrica) AV600 TL-PA4010KIT,7,23.990
99938419,TPLink,Extensor PLC (vía eléctrica) AV600 TL-PA4010KIT,1,23.990
99944585,Linksys,"Extensor de alcance Wi-Fi de doble banda AC750 LinksysRE6250",1,30.990
99937977,TPLink,Repetidor WIFI 6 Dual Band Ax1500 RE505X,2,52.990
99944051,TPLink,Repetidor WIFI 6 Dual Band Ax1800 RE605X con One Mesh,2,68.990
99938414,TPLink,Repetidor Wi-Fi Dual-Band AC750 RE200,4,19.990
99929376,TPLink,Repetidor Wi-Fi Dual-Band AC750 RE200,4,17.990
99947636,DLink,Repetidor WiFi 6  Ax1500 E15 con Mesh,2,34.990
99938231,Tenda,Repetidor WiFi AC1200 A18,1,19.990
99937764,DLink,Repetidor WiFi Dual Band AC1200 DAP-1610,7,24.990
99932779,DLink,Repetidor WiFi Dual Band AC1200 DAP-1620,1,25.990
99944053,TPLink,Repetidor WiFi Dual Band AC1200 RE300 con One Mesh,1,10.990
99925924,TPLink,Repetidor WiFi Dual Band AC1200 RE305,3,28.990
99935546,DLink,Repetidor WiFi Dual Band AC750 DAP-1530,8,19.990
99942696,Xiaomi,Repetidor WiFi Mi WiFi Range Extender AC1200 EU,8,15.990
99927150,Tenda,Repetidor WiFi N300 A9,3,8.990
SKU,Marca,Nombre,Stock,"Precio Unitarioc/Iva"
99925419,DLink,Repetidor WiFi N300 DAP-1325,20,15.990
99922636,DLink,Repetidor WiFi N300 DAP-1330,1,17.990
99919498,Kasda,Repetidor WiFi N300 KW5583,3,8.990
99921911,Linksys,Repetidor WiFi N300 RE3000W,1,9.990
99918954,TPLink,Repetidor WiFi N300 TL-WA850RE,4,14.990
Fabrica Gear,,,,
9995289,Gear,ARM - Gabinete mATX 450w Gear ONE,1,9.990
99925722,Intel,ARMADO - CPU Intel Core i5-7400 3.0 GHz,1,69.990
99923170,Crucial,ARMADO - DDR3L 4GB 1600 MHz PC3-12800,19,9.990
99922062,Crucial,ARMADO - DDR4 4GB 2133MHz PC3-17000,1,9.990
99911862,Toshiba,ARMADO - Disco Duro 500GB Sata3 7200 rpm,14,13.990
99913812,Kingston,ARMADO - Memoria Notebook 4GB SoDimm DDR3 1333,1,8.990
99918880,Crucial,"ARMADO - Memoria Notebook DDR3L SoDimm 4GB 1600MHZ PC3-12800",19,9.990
Filtros,,,,
99928784,Haida,Adaptador 58mm para Porta Filtros Serie 100,2,5.990
99928787,Haida,Adaptador 72mm para Porta Filtros Serie 100,2,5.990
99928773,Haida,Filtro CPL Polarizado 62mm,1,5.990
99928769,Haida,Filtro UV Multicoating 58mm,6,5.990
Flash e Iluminación,,,,
99929011,PCF OEM,Difusor Universal tipo Domo,2,990
99927763,Manfrotto,Luz Led Lumimuse 6,2,19.990
GPS,,,,
99923424,Garmin,"GPS Portátil 5.0"" Drive Assist 50 Garmin",1,89.990
Gabinetes sin Fuente,,,,
99934842,Apexgaming,Gabinete ATX A2 White,1,14.990
99944098,Gamdias,"Gabinete ATX Apollo M2 Elite RGB / 2 Ventiladores 200mmARGB",3,39.990
99944096,Gamdias,Gabinete ATX Athena M1 Elite RGB / 3 Ventiladores ARGB,2,43.990
99938201,Gamdias,Gabinete ATX Athena M2 RGB,1,39.990
99935877,Apexgaming,Gabinete ATX F601 Gaming Edition,1,19.990
99938350,Gear Gamer,Gabinete ATX Fearless (RGB) / 2 Fans LED,2,17.990
99926750,Deepcool,Gabinete ATX Kendomen Titanium,1,29.989
99936811,Deepcool,Gabinete ATX Macube 310 Black,3,47.990
99939733,Gamdias,Gabinete ATX Mars M1 RGB,1,35.990
99938872,Asus,Gabinete ATX TUF Gaming GT301,1,77.990
99944094,Gamdias,Gabinete ATX Talos M1B / 3 Ventiladores ARGB,1,39.990
99938349,Gear Gamer,Gabinete ATX Wavetreck / 3 Fans LED,12,17.990
99932479,Deepcool,Gabinete E-ATX E-Shield,3,12.990
SKU,Marca,Nombre,Stock,"Precio Unitarioc/Iva"
99939955,Deepcool,Gabinete E-ATX Matrexx 55 Mesh,4,29.989
99934840,Apexgaming,Gabinete E-ATX X1,2,14.990
Gavetas de Dinero,,,,
99923574,3nStar,Gaveta de dinero CD350 RJ11 Negra 41x42cm,2,48.990
Grabadoras DVR y NVR,,,,
99926482,Annke,DVR 4 Canales 2MP - 1080P TVI DN41R,5,23.990
99932901,Dahua,DVR 8 Canales Full-HD Penta-Hibrido DH-XVR1A08,1,39.990
99932713,Annke,Grabador DVR 8 canales 3MP,1,51.990
99947350,Foscam,Grabador NVR 8 canales 5MP POE FN8108HE,1,68.990
99922592,Foscam,NVR 9 canales HD FN3109H,1,29.990
Iluminación y Enchufes Inteligentes,,,,
99936620,Wirmel,Control Universal Inteligente (IR/WiFi) CR-100,1,4.990
99935482,Wirmel,Enchufe Inteligente EI-300,1,8.990
99943279,Megabright,"Proyector de iluminación inteligente Wifi RGB para exteriorese interiores compatible con Google home y Alexa",1,39.990
Iluminación y efectos,,,,
99932392,Chauvet DJ,Obey 40 DMX Controller,1,47.990
Impresoras 3D,,,,
99929748,Creality,Impresora 3D Ender 3,1,78.188
99923534,3Doodler,Lapiz 3D 3Doodler Start Essentials Kit,1,29.990
99922347,DreamBox 3D,Lápiz 3D DreamBoxPen,1,29.990
Impresoras Laser,,,,
99946134,Brother,"Impresora Led Color HL-L3270CDW WiFi / Ethernet / Dúplex /NFC",1,226.990
99918871,Brother,"Impresora Láser Blanco y Negro HL-L2360DW  WiFi /Ethernet / Dúplex",4,119.990
99922447,Brother,"Impresora Láser Blanco y Negro HL-L6400DW Ethernet / WiFi/ Dúplex",1,155.990
99927751,RICOH,"Impresora Láser Blanco y Negro WiFi/Ethernet/Dúplex SP377DNwX",1,89.990
99914409,Brother,Impresora Láser Color Ethernet/WiFi HL-3170CDW,3,99.990
99948666,Brother,"LIQ - Impresora Led Color HL-L3270CDW WiFi / Ethernet /Dúplex / NFC",1,186.295
Impresoras Tinta,,,,
99917017,Canon,"Impresora Fotográfica Tinta A3+ Pixma IX-6810 WiFi /Ethernet",2,49.990
99921660,Epson,Impresora Fotográfica Tinta Continua EcoTank L805,1,157.990
99934087,Epson,"Impresora Tinta Continua Blanco y Negro EcoTank M1120WiFi - Direct / Ethernet",1,99.990
99917745,Epson,Impresora Tinta Continua EcoTank L120,1,69.990
Innovación,,,,
SKU,Marca,Nombre,Stock,"Precio Unitarioc/Iva"
99946632,Shokz,Audifonos Shokz OpenRun Pro Black,1,96.990
99943289,Rolling Square,"Bateria Externa llavero TAU 1.400mAh Negro integrado conLightning, Micro USB y USB-C",1,9.990
Interfaz de Usuario,,,,
99927393,Waveshare,Display LCD 16x2 Blanco sobre Azul Soldado,1,1.990
99930557,PCF OEM,Teclado de Membrana 1x4 + extras,2,1.990
Joysticks Consolas,,,,
99928436,V-Games,Control Inalámbrico para SNES Classic,7,5.990
Juegos PlayStation 4,,,,
99928819,EA Games,Burnout Paradise PS4,31,9.990
99943411,EA Games,FIFA 22 PS4,1,9.990
99946656,EA Games,FIFA 23 PS4,1,69.990
99915494,Sony,Juego PS4 - Knack,20,4.990
99926710,Warner,Middle Earth: Shadow of War PS4,17,4.990
99933127,Snail Games,Pixark PS4,1,9.990
Juegos XBOX,,,,
99946826,EA Games,FIFA 23 Xbox X|S,1,89.990
KVM,,,,
9995410,DLink,KVM  2 Puertos PS/2 c/Audio KVM-121,2,11.362
Kits de Vigilancia,,,,
99919398,Zmodo,Kit DVR 8 canales + 8 Cámaras CCD 600 TVL,1,85.990
Lectores de Memorias,,,,
9991277,Spektra,"Panel  3.5"" Multilector + USB",2,990
Láminas protectoras,,,,
99927460,PCF OEM,Lamina Vidrio Templado Huawei Y6 II,1,990
99927461,PCF OEM,Lamina Vidrio Templado LG K10 2017,1,990
99926783,PCF OEM,Lamina Vidrio Templado Moto C,1,490
28357,GSM,Lámina Vidrio LG Stylus iii,1,990
99925647,PCF OEM,Lámina Vidrio Templado J1 ACE LTE,1,490
99923918,Leaf,Lámina Vidrio Templado Samsung Galaxy J1,2,490
99923920,Leaf,Lámina Vidrio Templado iPhone 7+,1,1.990
Lápices Tablets,,,,
99941182,Spektra,Lápiz Tablet Android Blanco,1,2.990
Manos Libres,,,,
99910760,Parrot,Kit para el Auto de Manos Libres Bluetooth Mini Kit +,4,4.990
99911595,PCF OEM,Kit para el Auto de Manos Libres Bluetooth Yada,1,5.989
99914531,Jabra,Manos Libres BT2045,1,7.990
99914533,Jabra,Manos Libres Bluetooth Jabra Drive BT Negro,5,4.990
99920910,Jabra,Manos Libres Bluetooth Jabra Talk Negro,3,7.990
SKU,Marca,Nombre,Stock,"Precio Unitarioc/Iva"
99925400,Philips,"Manos Libres Bluetooth Philips DLP2311 Negro + Cargadorde Automóvil Negro",2,1.990
99922558,Philips,Manos Libres Bluetooth Philips SHB1202 Negro,9,7.990
99913788,PCF OEM,Manos Libres Bluetooth v3.0,1,7.990
99918902,Genius,Manos Libres Genius HS-120BT,2,4.990
99922074,Motorola,Manos Libres HK250,1,7.990
99914532,Jabra,Manos Libres Jabra BT2046,2,1.990
99927620,Philips,Manos Libres Philips SHB1600,4,12.989
9993750,Motorola,Manos Libres S10-HD Bluetooth Stereo Neckband,1,7.990
99940542,Philips,Manos libres Bluetooth SHB1614 PHILIPS,3,5.989
Memorias Flash,,,,
99933770,SanDisk,Memoria 32GB SDHC (90MB/s) UHS-I U3 V30 Extreme,1,6.990
Memorias Notebook,,,,
9997339,Kingston,Memoria Notebook 2GB SoDimm DDR3 1333,4,2.990
9993122,Kingston,"Memoria Notebook 2GB SoDimm DDR3 1333MHz  ValueRAM",2,4.990
9999911,Corsair,"Memoria Notebook 2GB SoDimm DDR3 1333MHz ValueRAM",4,2.990
99917572,Crucial,"Memoria Notebook 2GB SoDimm DDR3L 1600MHz ValueRAM",116,1.990
11710,G.Skill,Memoria Notebook 4GB SoDimm DDR3 1333MHz Value,1,6.990
99916264,Kingston,"Memoria Notebook 4GB SoDimm DDR3 1333MHz ValueRAM",11,5.990
99911708,G.Skill,Memoria Notebook 4GB SoDimm DDR3 1600MHz Value,1,7.990
99934614,Kingston,"Memoria Notebook 4GB SoDimm DDR3L 1600MHz ValueRAM",3,8.990
99917750,Crucial,"Memoria Notebook 4GB SoDimm DDR3L 1600MHz ValueRAM",190,9.990
99942117,Kingston,"Memoria Notebook 4GB SoDimm DDR4 2666MHz ValueRAM",3,14.990
99947680,Kingston,Memoria Notebook 8GB SoDimm DDR4 2666MHz Value,5,13.990
Memorias PC,,,,
9998349,Kingston,DDR3 1GB 1333MHz PC3-10600,5,990
99914779,G.Skill,DDR3 2GB 1333MHz PC3-10600,2,4.990
9991860,Kingston,DDR3 2GB 1333MHz PC3-10600,2,4.990
9998716,Corsair,DDR3 2GB 1333MHz Value RAM,5,4.990
99912314,G.Skill,DDR3 2GB 1333Mhz PC3-10600,1,4.990
99923013,Crucial,DDR3L 2GB 1600MHz Value RAM,27,3.990
99924742,Crucial,DDR3L 4GB 1600MHz Value RAM,13,7.990
99939905,G.Skill,DDR4 16GB (2x8GB) 3600MHz Ripjaws V,1,39.990
99939904,G.Skill,DDR4 16GB (2x8GB) 4000MHz Ripjaws V,1,39.990
SKU,Marca,Nombre,Stock,"Precio Unitarioc/Iva"
99937039,G.Skill,DDR4 4GB 2400MHz Value RAM,1,9.990
Memorias Servers,,,,
99921624,HP,MEM Server 8GB Single Rank x4 DDR4-2133 (726718-B21),1,39.990
Micrófonos Dinámicos,,,,
99939636,Boya,Micrófono  Lavalier con salida de Audífonos BY-M1 Pro,1,19.990
99946286,Boya,Micrófono Compacto Cardioide BY-MM1,1,29.990
99936040,Boya,Micrófono Lavalier Con Conector USB-C,1,19.990
Micrófonos PC,,,,
99937670,Spektra,Micrófono Jack 3.5mm,3,1.490
Micrófonos ambientales y de percusión,,,,
99932414,Audio-Technica,Micrófono de conferencia U855QL cuello ganso,1,40.990
Monitoreo de Vehículos,,,,
99939259,PCF OEM,Monitor Kit AHD + Cámara de retroceso AHD,1,24.990
Monitores,,,,
99948421,Gigabyte,"LIQ - Monitor Gamer 27"" Full HD, Panel IPS, 144Hz(1ms),FreeSync Premium",1,259.896
99937255,Asus,"Monitor Gamer 24"" Full HD, Panel IPS, 144Hz(1ms),FreeSync Premium (VP249QGR)",1,149.990
99937482,Lenovo,"Monitor Gamer 24,5"" Full HD, Panel TN, 144Hz(1ms), G-Syncy FreeSync (G25-10)",1,129.990
99915796,Samsung,"Monitor LED 19"" LF19TOWHBDM",2,119.990
Mouses,,,,
99937120,Spektra,Mouse Óptico USB Negro MS-500,1,3.990
Multifuncionales Laser,,,,
99948491,Brother,"LIQ - Multifuncional Led Color MFC-L3750CDW WiFi /Ethernet / Dúplex / ADF / Fax",1,290.241
99948823,Brother,"LIQ - Multifuncional Láser Blanco y Negro  DCP-L5650DNEthernet / Full Dúplex",2,268.564
99932942,Brother,"LIQ - Multifuncional Láser Blanco y NegroWiFi/Ethernet/Dúplex  DCP-L2540DW",1,86.590
99925403,Brother,"Multifuncional Laser Blanco y Negro MFC-L6900DW WiFi /Ethernet / Full Dúplex / NFC",2,249.990
99931609,Brother,"Multifuncional Led Color DCP-L3551CDW WiFi-Direct /Ethernet / Dúplex / ADF",1,238.000
99925440,Brother,"Multifuncional Láser Blanco y Negro  DCP-L5650DN Ethernet/ Full Dúplex",1,169.990
99921038,Brother,Multifuncional Láser Blanco y Negro DCP-1602,1,49.239
99921039,Brother,"Multifuncional Láser Blanco y Negro DCP-1617NW WiFi /Ethernet / ADF",2,60.194
99918876,Brother,"Multifuncional Láser Blanco y Negro MFC-L2700DW WiFi /Ethernet / Dúplex",3,149.990
Multifuncionales Tinta,,,,
SKU,Marca,Nombre,Stock,"Precio Unitarioc/Iva"
99927913,Canon,"Multifuncional Fotográfica Tinta Continua  Pixma G3100 +Botella GI-190 BK WiFi",1,61.990
99936560,Epson,Multifuncional Tinta Color Expression XP-2101 WiFi-Direct,2,34.990
99940097,Brother,Multifuncional Tinta Continua  InkBenefit Tank DCP-T220,1,49.990
99933803,Brother,"Multifuncional Tinta Continua A3 InkBenefit Tank MFC-T4500DW WiFi / Ethernet / Dúplex / Fax",1,199.990
99923781,Epson,"Multifuncional Tinta Continua EcoTank L575 WiFi / Ethernet /ADF / Fax",1,102.990
99920253,Brother,Multifuncional Tinta Continua InkBenefit Tank DCP-T300,1,32.990
99929221,Brother,Multifuncional Tinta Continua InkBenefit Tank DCP-T310,1,44.990
99928843,Brother,"Multifuncional Tinta Continua InkBenefit Tank DCP-T510WWiFi",1,48.990
99928846,Brother,"Multifuncional Tinta Continua InkBenefit Tank DCP-T710WWiFi / ADF",1,56.990
99941410,Brother,"Multifuncional Tinta Continua InkBenefit Tank MFC-T925DWWiFi-Direct / Dúplex",2,99.990
99942907,Canon,Multifuncional Tinta Continua Maxify GX6010 WiFi / Ethernet,1,157.990
99942908,Canon,Multifuncional Tinta Continua Maxify GX7010 WiFi / Ethernet,1,174.990
99940433,Canon,Multifuncional Tinta Continua Pixma G2160 Navy Blue,1,60.990
99940434,Canon,Multifuncional Tinta Continua Pixma G3160 Navy Blue WiFi,2,74.990
99939104,HP,Multifuncional Tinta Continua SmartTank 500,1,59.990
99940428,HP,Multifuncional Tinta Deskjet IA 2775 WiFi,1,39.990
99944766,HP,Multifuncional Tinta Deskjet Ink Advantage 2774 WiFi,4,50.990
Notebooks,,,,
23049,PCF OEM,Adaptador enchufe para notebooks,11,4.990
Notebooks 2 en 1,,,,
99948094,Dell,"LIQ - Notebook Inspiron 5410 2en 1 14"" FHD Intel i5-1155G712GB 512GB SSD Windows 11 Silver",1,509.990
99946141,Samsung,"Notebook Galaxy Book2 360 13.3"" FHD Intel i5-1235U 8GB512GB SSD Windows 11 Gray",1,698.990
Notebooks Tradicionales,,,,
99944347,HP,"LIQ - Notebook 240 G8 14"" HD Intel i3-1005G1 4GB 1TBWindows 10 Dark Gray",2,189.990
99943690,HP,"LIQ - Notebook 250 G8 15.6"" HD Intel i3-1005G1 4GB 1TBWindows 10",2,239.990
99945583,HP,"LIQ - Notebook Chromebook 11.6"" HD AMD A4-9120 4GB32GB eMMC Chrome OS Gris",3,99.990
99948897,Samsung,"LIQ - Notebook Galaxy Book2 15.6"" FHD Intel i7-1255U 8GB512GB SSD Windows 10 Silver",1,495.538
99948577,Acer,"LIQ - Notebook Gamer Nitro 5 Intel i5-11400H NVIDIA GTX1650 15.6"" FHD 144Hz 16GB RAM 512GB SSD Windows 11",1,465.171
SKU,Marca,Nombre,Stock,"Precio Unitarioc/Iva"
99947657,Asus,"LIQ - Notebook Gamer ROG Strix 17 Ryzen 9 5900HXNVIDIA RTX 3080 16GB 17.3"" WQHD 32GB 2TB SSDWindows 10 Black G733QS-K4083T",1,1.399.990
99947021,Asus,"LIQ - Notebook Gamer TUF Dash F15 FX517 Intel i7-12650HNVIDIA RTX 3060 6GB 15.6"" FHD 144Hz 16GB RAM 512GBSSD Windows 11 Off Black FX517ZM-HN055W",1,998.990
99947085,HP,"LIQ - Notebook Gamer Victus Intel i5-11400H NVIDIA RTX3050 4GB 16.1"" FHD 60Hz 8GB RAM 256GB SSD Windows11 16-d0500la Performance Blue",1,633.355
99948786,HP,"LIQ - Notebook Laptop 15.6"" FHD Intel i3-1115G4 8GB512GB Windows 10 Natural Silver 15-dy2501la",1,306.901
99948611,Acer,"LIQ - Notebook Swift 3 SF314 Intel i5-1135G7 14"" FHD 8GB512GB SSD Windows 11 Silver",1,799.990
99948798,Samsung,"LIQ - Notebooks Galaxy Book2 15.6"" FHD Intel i5-1240P 8GB512GB SSD Intel Arc A350M Windows 11 Silver",1,515.454
99941940,HP,"Notebook 250 G8 15.6"" HD Intel i3-1005G1 4GB 1TBWindows 10",2,199.989
99942392,HP,"Notebook 348 G7 14"" HD Intel i3-10110U 4GB 1TB Windows10 Silver",2,192.990
99943016,Acer,"Notebook Aspire 3 AMD Ryzen 3 3250U 14"" FHD 12GB256GB SSD Windows 10 Silver",1,317.990
99942048,Acer,"Notebook Gamer Nitro 5 Intel i5-10300H NVIDIA GTX 16504GB 15.6"" FHD 144Hz 16GB 512GB SSD Windows 10 Negro",2,587.990
99945826,HP,"Notebook Gamer Omen Ryzen 7-5800H  NVIDIA RTX 3050Ti4GB 16.1"" FHD 144Hz 16GB RAM 1TB SSD Windows 11Plateado mica 16-c0507la",1,699.990
99945618,Asus,"Notebook Gamer TUF Dash F15 FX517 Intel i7-12650HNVIDIA RTX 3060 6GB 15.6"" FHD 144Hz 16GB RAM 512GBSSD Windows 11 Off Black FX517ZM-HN055W",1,799.990
99946379,MSI,"Notebook Modern 14 B5M 14"" FHD AMD Ryzen 5 5500U8GB 256GB SSD Windows 11 Carbon Gray",1,469.990
99937289,HP,"Notebook Pavilion Gamer Ryzen R5-4600H NVIDIA GTX1650(4GB) 15.6"" FHD 8GB RAM 256GB SSD Windows 10Acid Green 15-ec1026la",1,506.990
99939660,Dell,"Notebook Vostro 3401 14"" HD Intel i3-1005G1 4GB 1TBWindows 10",1,170.990
Notebooks Ultralivianos,,,,
99948725,Samsung,"LIQ - Notebook Galaxy Book2 Pro 15.6"" AMOLED FHD Inteli7-1260P 16GB 512GB SSD Windows 11 Gray",1,809.990
99945920,Gear,"LIQ - Notebook Geranium 13.5"" FHD Pentium N5030 4GB256GB SSD Windows 10 Space Grey",1,79.989
99946003,Gear,"LIQ - Notebook Iris 14.1"" FHD Intel i3-1115G4 8GB 256GBSSD Windows 10",3,179.990
99947128,Huawei,"LIQ - Notebook Matebook 14s Intel i7-11370H 16GB 1TBSSD Windows 10 + MateDock",1,931.990
SKU,Marca,Nombre,Stock,"Precio Unitarioc/Iva"
99946643,Gear,"LIQ - Notebook Orchid 14.1"" FHD Intel i5-1135G7 8GB256GB SSD Windows 10",3,219.990
99938020,HP,"Notebook 240 G7 14"" HD Celeron N4020 4GB 500GB",2,166.206
99943505,HP,"Notebook 240 G8 14"" HD Celeron N4020 4GB 500GBWindows 10",1,167.990
99944075,HP,"Notebook 240 G8 14"" HD Intel i3-1005G1 4GB 1TB Windows10 Dark Gray",2,179.990
99945545,Samsung,"Notebook Galaxy Book2 Pro 13.3"" FHD Intel i5-1240P 8GB512GB SSD Windows 11 Silver",1,599.990
99945484,Gear,"Notebook Geranium 13.5"" FHD Pentium N5030 4GB 256GBSSD Windows 10 Space Grey",5,79.989
99942281,HP,"Notebook Pavilion Aero 13"" FHD Ryzen 5-5600U 8GB 512GBSSD Windows 10 Natural Silver 13-be0501la",1,699.990
99940077,Asus,"Notebook Ultraliviano Vivobook X412FA 14"" FHD PentiumN5405 4GB 256GB SSD Windows 10 Silver X412FA-EB1257T",2,167.990
99945348,Gear,"Pack Notebook Lotus 14.1"" FHD Celeron 4GB 128GB SSDWindows 10 Space Grey + Silla Gamer Omilen Black / Blue",1,169.989
Office Adobe Otros,,,,
99931165,Microsoft,"Microsoft 365 Business Standard 1 Usuario, Suscripción 12Meses, Ex Office 365 Premium Empresa",1,61.990
Otros Smart Home (Domótica),,,,
99925330,Go Control,"Kit de Seguridad Inteligente Z-wave con Sensores deMovimiento y Apertura Compatible con Wink",1,29.990
99913475,Agama,Repuesto 530A - Cepillos,4,990
99928596,Honeywell,Termostato Inteligente Wi-Fi Honeywell Lyric T5,2,59.990
POS Impresoras,,,,
99945117,HP,LIQ - Impresora POS Térmica  One Prime USB Type-C,2,49.990
99936853,3nStar,"LIQ - POS impresora térmica portátil Bluetooth/USB 80mm derecibos y etiquetas",1,111.573
99933708,3nStar,"POS impresora térmica portátil Bluetooth/USB 80mm derecibos y etiquetas",1,69.990
POS Lectores,,,,
99936685,3nStar,POS Lector 2D inalámbrico  SC455,1,89.990
99924744,3nStar,POS Lector Codigo de Barras 1D SC050,4,9.990
99919952,Data Logic,POS Lector Codigo de Barras C/Base Lite Kit Black 1 D,3,19.990
9998803,PCF OEM,POS Lector Codigo de Barras CCD Barcode Scanner USB,1,19.990
9997662,PCF OEM,POS Lector Codigo de Barras Laser Ps2 USL-1000P,1,14.990
99919426,PCF OEM,POS Lector Codigo de Barras Laser USB,3,13.990
99922602,PCF OEM,POS Lector Codigo de Barras Laser USB 1D,1,6.990
9999953,PCF OEM,POS Lector Codigo de Barras Laser USB LS-2400,7,22.990
9996446,PCF OEM,POS Lector Codigo de Barras Laser USB USL-1000U,1,26.990
9997663,PCF OEM,POS Lector Codigo de Barras Laser c/base USB USL-1000U,5,19.990
SKU,Marca,Nombre,Stock,"Precio Unitarioc/Iva"
99922738,Honeywell,POS Lector Codigo de Barras Voyager 1250g,1,26.990
99927769,Spektra,POS Lector Código de Barras 1D Wireless RG-W700,1,7.990
99928235,Spektra,POS Lector Código de Barras 2D RG-2D650,3,9.990
99927935,3nStar,POS Lector Código de Barras 2D SC405,1,34.990
99935487,3nStar,POS Lector Código de Barras 2D SC410,2,34.990
99930214,3nStar,POS Lector Código de barra Imager 1D SC150,2,19.990
99927933,3nStar,POS Lector Inalámbrico Código de Barras 1D SC305,2,39.990
99936794,3nStar,"POS Lector código de barras Inalámbrico 1D con receptorUSB SC-310BT",2,24.990
99928423,3nStar,Pos Lector Manos Libres 1D SC205,2,44.990
POS Monitores,,,,
99944627,3nStar,LIQ - Mini PC de punto de venta,1,169.990
99927400,3nStar,"POS All in One SSD 120GB Windows 10 Enterprise IOTPTE0105",1,449.989
Papeles,,,,
99928942,Adetec,Etiqueta Autoadhesiva Carta Inkjet / Láser 70x25mm 25 hojas,1,3.990
9998282,Chamex,Papel Fotocopia A3 Resma 500 hojas,1,2.990
99932040,Adetec,"Papel Fotográfico InkJet Brillante Carta impresión amboslados 10 hojas  180grs",1,1.990
99928318,HP,Papel Fotográfico autoadhesivo Sprocket 100,2,2.990
99928000,Ritrama,"Rollo de 5910 Etiquetas Autoadhesivas Semibrillo 32mm x22mm",1,4.990
Parlantes PC,,,,
99933106,22N,Parlante PC Cobra 6W Burdeo,2,9.990
99937946,Genius,Parlante PC SP-HF180 Color Madera,1,9.990
99927982,RCA,Parlante RCA S-650SW,2,7.990
99918195,Logitech,Parlante S150 USB,1,8.990
99921652,Genius,Parlante Subwoofer 2.1 SW 375,4,14.990
99911480,Logitech,Parlante Subwoofer Z211 USB,1,9.989
9992959,Gear,Parlantes Base 2.0 USB ES-1700,4,1.990
9997863,Spektra,Parlantes Base 2.0 USB ES-3500,1,9.990
99915671,Creative,Parlantes Creative A220,1,24.990
99911753,Creative,Parlantes Multimedia 2.0 A60,1,7.990
9993687,Genius,Parlantes Multimedia 2.0 SP-HF1800A,19,29.990
9996143,Genius,Parlantes Multimedia 2.0 SP-HF500A Madera,7,19.990
99933288,Genius,Parlantes Multimedia 2.0 SP-HF800A II Madera,2,19.990
99910825,Genius,Parlantes Multimedia 2.0 SP-HF800A Madera,6,8.990
9999119,Genius,Parlantes Multimedia 2.0 SP-HF800Pro,1,19.990
9991818,Genius,Parlantes Multimedia 2.0 SP-U150,3,4.990
99910051,Genius,Parlantes Multimedia 2.0 SP-i250G,6,8.990
SKU,Marca,Nombre,Stock,"Precio Unitarioc/Iva"
9992958,Gear,Parlantes Subwoofer 2.1 ES-3317,3,19.990
99913138,Genius,Parlantes Subwoofer 2.1 SW 370 Madera,6,11.990
99914148,Genius,Parlantes Subwoofer 2.1 SW-HF 1205,39,17.990
9991816,Genius,Parlantes USB 2.0 SP-U150X,8,9.990
Parlantes Portátiles,,,,
99928691,Bose,Base de carga para SoundLink Revolve y Revolve+,1,29.990
99939770,Altec Lansing,Parlante Baby Boom XL Negro,1,19.990
Placas Madres,,,,
9999737,Gigabyte,M/B AMD 78LMT-S2  A/L/V (AM3+),6,7.990
99915241,Gigabyte,M/B AMD 970A-UD3P (AM3+),1,19.990
99913879,ECS,M/B AMD A960M-M3 A/L/V (AM3+),4,7.990
99916445,ECS,M/B AMD A960M-MV (AM3+),2,7.990
9991537,Asus,M/B AMD M5A78L-M LX  A/L/V (AM3+),4,7.990
99912031,Asus,M/B AMD M5A78L-M LX V2 A/L/V (AM3+),5,9.990
99916187,Asus,M/B AMD M5A97 R2.0 (AM3+),3,14.990
99930264,MSI,M/B Intel B360M Bazooka (1151-v2),1,29.990
99919808,Asus,M/B Intel X99-Deluxe U3.1(2011-3),1,149.990
99911840,Gigabyte,M/B Intel® G1 Assassin 2 A/L (2011),1,99.990
9998781,Asus,M/B Intel® SABERTOOTH X79  (2011),1,79.990
99917928,Gigabyte,M/B Intel® X99-Gaming G1 c/WiFi (2011-3),14,99.990
Placas Madres AMD sAM4,,,,
99946067,Asus,M/B AMD A520M-A PRIME  II/CSM,1,96.990
Plastificadoras de Papel,,,,
99948879,Spyra,"LIQ - Plastificadora de Papeles A3 / Carta / Doble Carta /Oficio Premier 340",1,19.990
99936093,Spyra,"Plastificadora de Papeles A3 / Carta / Doble Carta / OficioPremier 340",2,24.990
99922937,GBC,"Plastificadora de Papeles A3 / Doble Carta / Oficio Fusion1100L",7,24.990
99927225,Spyra,Plastificadora de Papeles A4 / Carta / Oficio Premier 230,8,15.989
99924569,Spektra,Plastificadora de Papeles A4 / Carta DWL-432,2,14.990
99943486,Swingline,"Plastificadora de Papeles A4 / Carta Inspir Plus 9"" Turquesa",1,19.990
99943482,Swingline,"Plastificadora de Papeles A4 / Carta Inspire Plus 9"" Blanca",1,19.990
99933375,GBC,Plastificadora de Papeles A4 /Carta / Oficio Fusion 1100L,5,24.990
99924570,Spektra,Plastificadora de Papeles formato A4 / Carta Rugby,1,9.989
99935303,Spyra,"Plastificadora-Guillotina de Papeles A3 / Carta / Oficio Trío330",2,34.990
Plotters,,,,
99940098,HP,"Plotter 24"" DesignJet T210 WiFi / Ethernet / USB in ePrintercon porta rollo",1,299.989
SKU,Marca,Nombre,Stock,"Precio Unitarioc/Iva"
99939043,HP,"Plotter 24"" DesignJet T250 WiFi / Ethernet / USB in ePrintercon porta rollo",1,499.989
99927826,HP,"Plotter 24"" Designjet T120 WiFi/Ethernet/USB In ePrinter conporta rollo",5,399.990
Presentadores,,,,
99947884,Kensington,Presentador Laser Verde con Joystick,2,26.990
Print Servers,,,,
9997515,DLink,Print Server 1 USB DPR-1020,1,28.990
99917796,TPLink,Print Server Inalambrico TL-WPS510U USB 2.0,3,29.990
Procesadores,,,,
99926323,Intel,CPU Intel Core i7-7800X 3.5 GHz LGA 2066,1,111.990
99917003,AMD,APU A10 6790K 4.0 GHz / HD8670D (FM2),1,35.990
99915428,AMD,APU A4 6300 3.7 GHz / HD8370D (FM2),1,9.990
99918906,AMD,APU A4 7300 / Radeon R3 (FM2+),2,9.990
99927889,AMD,APU A4-4000 3.0GHz 1MB (FM2),1,4.990
99918908,AMD,APU A6 7400K 3.5 GHz / Radeon R5 (FM2+),21,9.990
99914380,AMD,APU A8 6600K 3.9 GHz / HD8570D (FM2),3,22.990
99918907,AMD,APU A8 7600 3.1 Ghz / Radeon R7 (FM2+),1,19.990
99924635,AMD,APU A8 7650K 3.3 Ghz / Radeon R7 (FM2+),1,19.990
99917141,AMD,CPU Athlon 5150 1.6 GHz (AM1),3,7.990
99917140,AMD,CPU Sempron 2650 1.45 GHz (AM1),2,4.990
Rackmount,,,,
99932802,Exelink,"Rack 19"" 12U 600x600 (Para Armar)",1,59.989
Realidad Virtual,,,,
99931515,HTC,Adaptador inalámbrico para HTC Vive,2,99.090
Refrigeración CPU,,,,
99935776,Deepcool,Ventilador CPU Assassin III,1,48.990
99948000,Gamemax,Ventilador CPUGamma 500 RGB,1,17.990
99932358,Corsair,WaterCooling Hydro H100X 2018,1,59.990
Robótica,,,,
99945982,Makeblock,Bluetooth Dongle_EN,1,24.990
99931098,Robotis inc.,Kit Expansión - Dream II STEM - Nivel 2,1,22.990
99930296,DFrobot,Robot Vortex (pack doble) - Educación STEM,1,39.990
Rotuladoras,,,,
99926169,Brother,Impresora de Etiquetas QL-800,1,59.990
99923320,Brother,Rotuladora Etiquetadora PT-D400,3,49.990
Routers,,,,
9992401,Cisco,Access Point AIR-AP1242AG-A-K9,13,22.990
99928159,Samsung,"Kit Router / Hub Connect Home (WiFi Dualband AC1300,Zigbee, Z-Wave, Bluetooth) + 2 sensores",3,24.990
SKU,Marca,Nombre,Stock,"Precio Unitarioc/Iva"
99928161,Samsung,"Router / Hub Connect Home Pro (WiFi Dualband AC2600,Zigbee, Z-Wave, Bluetooth)",1,63.990
9991342,TPLink,Router 3G / 4G N150  TL-MR3220,6,4.990
99910791,TPLink,Router 3G / 4G N300 TL-MR 3420,6,7.990
99914879,DLink,Router Cloud Dual Band AC1750 DIR 868L,3,24.990
99917549,DLink,Router Dual Band AC 750 DIR-803,11,7.990
99947779,TPLink,Router Dual Band AC1200 Archer C64,1,31.990
99914881,DLink,Router Dual Band AC750 DIR-810L,5,9.990
99938078,Asus,Router Dual band Fast Ethernet RT-AC1200 V2,1,9.990
99921110,DLink,Router Dual-Band AC750 DIR-809,3,9.990
99932118,DLink,Router Dual-Band AC750 DIR-819,1,9.990
99922999,AirLive,"Router Gateway 3G / 4G LTE  Largo Alcance Exterior N300AirMax4GW",1,99.990
9993288,Advantek,Router I/Gateway ABR-241 4P+Fwll,5,4.990
9991954,Belkin,Router Inalambrico - N125,1,3.990
99911303,DLink,Router Inalambrico DIR-900L MyDlink,13,3.990
9993655,Advantek,Router Inalambrico-N AWR-11N-RT,3,17.990
9995979,DLink,Router Inalambrico-N DIR-615,5,4.990
9997279,DLink,Router Inalámbrico DIR-600,18,3.990
99941377,Linksys,Router Linksys Wi-Fi  AC1000-E5350,1,9.990
99944104,Linksys,Router Linksys Wi-Fi  AC1200-E5400,3,31.990
9994964,Linksys,Router Linux 54G WRT54GL,4,25.990
99940740,DLink,Router Mesh DIR-2150 AC2100,3,35.990
99938504,TPLink,Router Móvil 4G LTE M7200,1,25.990
99938923,TPLink,Router Móvil SIM 4G N300 Archer MR6400,2,62.990
99940399,DLink,Router Móvil SIM 4G N300 DWR-M921,4,19.990
99927056,DLink,Router N150 DIR-608N,5,2.990
99910326,TPLink,Router N150 TL-WR740N,24,3.990
99927618,DLink,Router N300 DIR-611,1,3.990
99919179,DLink,Router N300 DIR-615,5,3.990
99911302,DLink,Router N300 DIR-905L,20,3.990
9991306,Linksys,Router N300 E1200,8,9.990
99911167,Linksys,Router N300 E900,1,7.990
10796,TPLink,Router N300 TL-WR841ND,18,4.990
99945391,Xiaomi,Router WIFI 6 Gigabit Xiaomi Mi Router AX3200,1,41.990
99913767,DLink,Router WiFi 3G N300 DIR-514,6,9.990
99911751,DLink,Router WiFi DIR-600,6,2.990
99913913,DLink,Router WiFi N150 DIR-610,22,1.990
99916495,DLink,Router WiFi N150 DIR-610N+,11,3.990
SKU,Marca,Nombre,Stock,"Precio Unitarioc/Iva"
99915307,Asus,Router WiFi N150 RT-N10,1,6.990
16669,Belkin,Router WiFi N600,2,9.990
Routers Mesh,,,,
99947391,DLink,Router Mesh Dual-Band Fast Ethernet AC1200 DIR-822,1,25.990
99942335,DLink,Router Mesh Dual-Band Gigabit AC1200 DIR-825M,1,29.990
99944579,Linksys,Router WiFi 6 mesh Linksys MR7350,1,39.990
Routers VPN,,,,
99919241,DLink,Router Unificado Servicio Wireless N DSR-150N,1,65.990
99919242,DLink,Router Unificado Servicio Wireless N DSR-250N,3,107.100
99925548,Linksys,Router VPN LRT214,1,9.990
SSD Externos,,,,
99947402,Seagate,LIQ - Unidad SSD Externa Portable One Touch 500GB,1,53.312
Salud y Bienestar (Smart Health),,,,
99934244,PCF OEM,Kit de medición para el tamaño de dedo del  MOTIV RING,1,9.990
99937054,PCF OEM,Termómetro infrarrojo sin contacto,69,6.990
Scanners,,,,
99922580,Brother,Escaner ADF Dúplex Gigabit Ethernet ADS-2400,1,118.990
99927859,IRIS,Escaner Dúplex IRIScan Pro 5,1,69.990
99921502,IRIS,Escaner IRIScan Express 4,3,29.990
99918977,Canon,Escaner LIDE 120 USB,1,9.990
99921490,Epson,Escaner Perfection V19,7,29.990
99913707,Epson,Escaner Perfection V370,1,49.990
99923260,IRIS,Escaner Portátil Bluetooth con Batería IRISPen Air 7,2,33.990
99915412,Brother,Escaner Portátil DS-620,3,34.990
99929694,Canon,Escaner Portátil P-201,5,29.990
99947152,IRIS,LIQ - Escaner IRIScan Express 4,1,56.295
99910096,HP,Scanner 5590 USB,1,39.990
99922749,Canon,Scanner ADF imageFORMULA DR-F120,8,89.990
9997816,HP,Scanner G3110 USB,1,19.990
99913708,Epson,Scanner Perfection V33,1,19.990
9991825,Genius,Scanner Portatil CP-SF600,4,14.990
9997934,Epson,Scanner Work Force GT-S50,3,84.990
99910422,Epson,Scanner WorkForce GT-1500,6,74.990
Sensores,,,,
99927653,Putal,Cámara Miniatura TTL Serial con JPEG con NTSC Video,1,4.990
99927566,Adafruit,FLORA Acelerómetro/Giroscopio/Magnetómetro 9-DOF,1,5.990
99927579,Haiwang,Fototransistor Sensor de Luz - 4pcs,1,1.490
99927665,"World FamousElectronics",Sensor de Pulso Cardíaco amplificado,1,4.990
SKU,Marca,Nombre,Stock,"Precio Unitarioc/Iva"
99932069,PCF OEM,Sensor de temperatura TMP36,1,1.990
Servers,,,,
99945384,HPE,"LIQ - Server ProLiant ML110 Gen10 Intel® XeonTM 32041.9GHz/16GB/4TB HDD",2,749.990
99919688,Dell,"Server PowerEdge T20 Intel® PentiumTM G3-3220 3.0GHz,4GB RAM, 500GB SATA 3.5""",2,129.990
99925420,Lenovo,"TS150 , Intel Pentium G4400 3.3GHz, 4GB 1RX8 ECCUDIMM 2133, 1TB SATA , DVD-ROM , 250W.",1,135.990
Sillas Gamer,,,,
99949763,Gear Gamer,LIQ - Silla Gamer I-Tam V2 Black/Blue (RGB),1,105.706
99949761,Newskill,LIQ - Silla Gamer Kitsune Black/Blue,1,39.990
99949736,Gear Gamer,LIQ - Silla Gamer Kuden V2 Black/Blue,3,74.530
99949185,Gear Gamer,LIQ - Silla Gamer Wanku V2 Black/Orange,2,39.990
99939565,Gear Gamer,Silla Gamer Kuden V2 Black/Red,2,53.990
99939567,Gear Gamer,Silla Gamer Omilen V2 Black/Blue,1,39.990
99938034,NjoyTech,Silla Gamer Stratos Black/Blue,1,69.990
99939573,Gear Gamer,Silla Gamer Vizar V2 Green,1,69.990
Sillas de Oficina,,,,
99949744,Spektra,LIQ - Silla de oficina Ergonómica negra SO-100B-1,1,29.990
99949379,Spektra,LIQ - Silla de oficina Ergonómica negra SO-100B-2,1,29.990
99943455,Spektra,Silla de oficina Ergonómica negra SO-100B-1,1,26.990
Smart TV,,,,
99942821,TCL,LIQ - Smart TV 32S60 32'' HD WiFi AndroidTV,1,89.989
99948092,Philips,LIQ - Smart Tv 32 Philips Android Hd 32phd6917/77,1,118.648
99937534,Gear,"Smart TV  4320LS 43"" Full HD WiFi",1,149.990
99929368,Gear,"Smart TV 43"" 5510FE Full HD WiFi",1,149.990
Smartphones,,,,
99948729,Motorola,LIQ - Smartphone Moto E22i 64GB/2GB Blanco Liberado,1,56.990
99946915,Motorola,LIQ - Smartphone Moto E30 32GB/2GB Gris Wom - Sin chip,1,57.990
99946715,Motorola,LIQ - Smartphone Moto E7 32GB/2GB Gris Wom - Sin chip,1,47.990
99946617,Motorola,"LIQ - Smartphone Moto E7 32GB/2GB Rosa-Coral Wom - Sinchip",4,75.290
99944811,Motorola,"LIQ - Smartphone Moto E7i Power 32GB/2GB NaranjoLiberado",1,63.890
99946618,Motorola,"LIQ - Smartphone Moto G20 64GB/4GB Rosado Movistar -Sin chip",1,53.990
99945627,Xiaomi,LIQ - Smartphone Poco M3 64GB/4GB Negro Liberado QR,1,87.990
99947437,Xiaomi,LIQ - Smartphone Redmi 10C 64GB/4GB Gris Liberado,1,83.181
99943434,Xiaomi,"LIQ - Smartphone Redmi 9 64GB/4GB Morado Claro - Sinchip",1,116.990
99947496,Xiaomi,LIQ - Smartphone Redmi 9A 32GB/2GB Gris Entel - Sin chip,2,75.290
SKU,Marca,Nombre,Stock,"Precio Unitarioc/Iva"
99948461,Xiaomi,LIQ - Smartphone Redmi 9C 64GB/3GB Lavanda Liberado,1,53.990
99949084,Xiaomi,LIQ - Smartphone Redmi A2 32GB/2G Negro Liberado,1,68.479
99943169,Huawei,LIQ - Smartphone Y8p 128GB/4GB Piedra Luna Liberado QR,1,83.990
99928250,Alcatel,"Smartphone Alcatel U5 Quad Core 8GB 5"" Android NegroMovistar",1,34.990
99922637,LG,"Smartphone G5se Octa Core 32GB 5.3"" 4G Android 6.0 TitanLiberado",1,99.990
99946436,Samsung,Smartphone Galaxy A03 Core 32GB/2GB Cobre Liberado,2,75.990
99944371,Samsung,Smartphone Galaxy A03s 32GB/3GB Negro Claro,1,77.990
99937211,Samsung,Smartphone Galaxy A11 32GB/2GB Azul Wom,1,87.990
99946603,Samsung,Smartphone Galaxy A13 128GB/4GB Negro Entel,1,219.990
99945396,Samsung,Smartphone Galaxy A22 128GB/4GB 5G Gris Liberado,1,210.630
99938485,Samsung,Smartphone Galaxy A51 128GB/4GB Azul Liberado,1,199.990
99945510,Samsung,Smartphone Galaxy A53 128GB/6GB Negro Liberado,1,250.990
99946043,Samsung,Smartphone Galaxy A53 256GB/8GB 5G Azul Liberado,1,499.990
99931233,Samsung,"Smartphone Galaxy J4+ Quad Core 32GB 6.0 4G Android8.1 Dorado Liberado QR",1,29.990
99942183,Samsung,"Smartphone Galaxy S20 FE(2) 128GB/6GB Cloud LavenderLiberado",1,250.990
99943229,Samsung,Smartphone Galaxy Z flip3 128GB/8GB 5G Negro Liberado,1,449.989
99931535,Samsung,"Smartphone J2 Core Quad Core 8G 5.0"" 4G Android DoradoWom QR",2,39.990
99929755,LG,"Smartphone K10 2017 Octa Core 16GB 5.3"" 4G AndroidDorado Entel QR",1,39.990
99929902,LG,"Smartphone K4 Quad Core 8G 5"" 4G Android Cafe Entel QR",1,39.990
99922016,LG,"Smartphone K5 Quad Core 8GB 5"" Android 5.1 NegroLiberado",1,39.990
19552,Motorola,"Smartphone Moto E 2Gen Quad Core 8GB 4,5"" Android 5.0Negro Prepago Movistar",1,39.990
99930583,Motorola,"Smartphone Moto E 5ta Quad Core 16GB 5,7"" 4G AndroidFlash Grey Entel QR",1,39.990
99944374,Motorola,Smartphone Moto E20 32GB/2GB Azul Wom,1,50.990
99944473,Motorola,Smartphone Moto E30 32GB/2GB Gris Entel,1,57.990
99941386,Motorola,Smartphone Moto E6i 32GB/2GB Rosado Wom,1,58.990
99942322,Motorola,Smartphone Moto E7 32GB/2GB Gris Wom,1,47.990
99943607,Motorola,Smartphone Moto E7i Power 32GB/2GB Azul Claro,1,64.990
99944045,Motorola,Smartphone Moto E7i Power 32GB/2GB Azul Entel,2,62.990
99941614,Motorola,Smartphone Moto E7i Power 32GB/2GB Naranjo Movistar,1,64.990
99941385,Motorola,Smartphone Moto G100 128GB/8GB Verde Liberado,1,349.990
99941615,Motorola,Smartphone Moto G20 64GB/4GB Rosado Movistar,1,53.990
99942034,Motorola,Smartphone Moto G20 64GB/4GB Rosado Wom,1,104.990
SKU,Marca,Nombre,Stock,"Precio Unitarioc/Iva"
99939280,Motorola,Smartphone Moto G9 Power 128GB/4GB Morado Liberado,1,133.990
99935321,Nokia,"Smartphone Nokia 1 Plus Quad Core 16GB 5.45"" 4G AndroidNegro Claro  QR",1,41.990
99937762,Motorola,"Smartphone One Fusion 64GB/4GB Verde Esmeralda EntelQR",2,116.990
99939223,Motorola,Smartphone One Fusion 64GB/4GB Verde Esmeralda Wom,1,72.990
99942308,Xiaomi,Smartphone Poco X3 Pro 128GB/6GB Azul Liberado,1,174.990
99922338,Alcatel,"Smartphone Pop 3 Quad Core 8GB 5"" Android 5.1 SilverPrepago Claro",1,45.990
99944949,Xiaomi,Smartphone Redmi 9A 32GB/2GB Azul Entel,1,39.990
99940270,Xiaomi,Smartphone Redmi 9A 32GB/2GB Negro Claro,2,39.990
99942998,Xiaomi,Smartphone Redmi 9C 32GB/2GB Azul Wom,1,39.990
99924193,LG,"Smartphone X Max Quad Core 16GB 5.5"" HD Android 6Negro Liberado + Chip WOM",1,89.989
99927020,Huawei,"Smartphone Y6 II Octa Core 16GB 5.5"" 4G Android NegroEntel",1,65.989
99928976,Huawei,"Smartphone Y7 2018 Octa Core 16GB 5.99"" 4G AndroidDorado Liberado QR",1,69.990
99929858,Huawei,"Smartphone Y9 2018 Octa Core 32GB 5.9"" 4G Android NegroLiberado QR + Parlantes",1,72.990
Smartwatches,,,,
99947898,Samsung,LIQ - Galaxy Watch5 40mm BT Rose Gold,1,137.990
99945785,Xiaomi,LIQ - Redmi Watch 2 Lite GL Negro,1,31.496
99946387,Samsung,LIQ - Smartwatch Galaxy Watch4 40 mm Gold,3,83.990
99948524,Honor,LIQ - Smartwatch Honor GS3 - Negro,1,107.387
99939445,Samsung,"LIQ - Smartwatch Samsung Galaxy Watch Active 2 44 mmAluminium Black",1,134.395
99944365,Samsung,LIQ - Smartwatch Samsung Galaxy Watch3 41 mm LTE Gold,1,184.450
99947151,Xiaomi,LIQ - Smartwatch Xiaomi Watch S1 Active GL Negro,1,91.365
99948587,SoyMomo,LIQ - Smartwatch para Niños con GPS Space Lite Rosado,1,48.528
99948796,SoyMomo,LIQ - Smartwatch para Niños con GPS Space Lite Rosado,1,48.528
99941200,Samsung,Smartwatch Samsung Galaxy Watch3 45 mm LTE Negro,1,181.990
Soportes - Proyectores,,,,
99930653,Spektra,Soporte Proyector para Pared 10 Kg - Steel GO005R,3,7.990
Soportes para Celulares,,,,
99919001,PCF OEM,Monopod Selfie Azul Bluetooth,2,1.990
99918695,PCF OEM,Monopod Selfie Blanco Bluetooth,1,1.990
99918086,PCF OEM,Monopod Selfie Negro Bluetooth,1,1.990
99919002,PCF OEM,Monopod Selfie Verde Bluetooth,13,1.990
99916819,Cygnett,Soporte de Celular para Bicicleta Cygnett Negro,12,3.990
Splitters y Switches de Video,,,,
SKU,Marca,Nombre,Stock,"Precio Unitarioc/Iva"
99941272,Spektra,HDMI 2.0 Splitter 1x2,1,9.990
99927536,Spektra,HDMI Switch 3 x 1 puertos con control remoto,1,5.990
99931853,Spektra,Splitter HDMI 1 entrada x 2 salidas,1,6.990
99923882,Spektra,Splitter HDMI 1 entrada x 2 salidas 1080p,2,4.990
99931851,Spektra,Switch 2 entradas x 1 salida,1,4.990
99931852,Spektra,Switch 3 entradas x 1 salida 1.4 HDMI,3,4.990
99927217,Spektra,Switch HDMI 2.0 3 entradas x 1 salida 4K 60Hz,1,8.990
99927213,Spektra,Switch Splitter 2 entradas x 2 salidas HDMI,4,7.990
Switch Administrables,,,,
9999789,Air802,"Switch 24b GigaLan Administrable WebSmart SW24MGSFP10/100/1000",5,104.990
Switches,,,,
99910786,TPLink,Switch 08b TL-SF1008D 10/100,1,2.990
99924501,TPLink,Switch 08b TL-SF1008P 10/100 04b PoE,1,25.990
9993497,Advantek,"Switch 24b ANS-2402G 19"" +2Port GigaLan",1,25.990
9993496,Advantek,"Switch 24b ANS-24RV 19"" c/VLAN",1,17.990
99913134,DLink,Switch 24b DES-1024D 10/100,2,15.990
Tablas Digitalizadoras,,,,
99946745,Wacom,"LIQ - Monitor Tableta Digitalizadora Cintiq Pro 32 TouchDTH3220K1",1,999.990
99920953,Genius,"Tabla Digitalizadora 4""x5"" Easypen New i405X",1,9.990
99943996,Huion,Tableta Digitalizadora Huion Inspiroy H420,1,29.990
Tablets,,,,
99923111,Kindle,"Kindle 8va Gen 6"" 4GB WiFi",2,39.990
99916296,Kindle,"Kindle Paperwhite 6"" TOUCH 4GB WiFi",1,49.990
99920017,Kindle,"Kindle Voyage 6"" 4GB WiFi",2,79.990
99947907,Samsung,"LIQ - Tablet Galaxy Tab S8 11"" 8GB 128GB WiFi + KeyboardCover Graphite",1,552.590
99947878,SoyMomo,"LIQ - Tablet Marvel SoyMomo Pro 2.0 8"" 4GB 64GB Wifi OctaCore Android",1,116.990
99946448,Gear,"LIQ - Tablet Space Kids 7"" 1GB 16GB WiFi Quad CoreAndroid + Carcasa Monster",1,24.990
99936034,Kindle,"Nueva Kindle 10th Generation Touch 6"" 4GB WiFi Negro",1,79.990
99923110,Kindle,"Tablet Fire Quad Core 1GB 8GB 7"" IPS Fire OS 5 Negro",1,19.990
99942139,SoyMomo,"Tablet SoyMomo Lite 2.0 7"" 2GB 16GB Wifi Quad CoreAndroid Azul",1,49.990
Tambores (Impresoras Laser),,,,
99919094,Brother,Tambor original Brother  DR-2340,1,4.990
Tarjetas Gráficas AMD,,,,
99947774,Gigabyte,"LIQ - Video AMD Radeon RX 6900XT 16GB Aorus XtremeWaterforce",1,899.990
SKU,Marca,Nombre,Stock,"Precio Unitarioc/Iva"
99943643,Asus,Video AMD Radeon RX 6600XT O8GB Dual,1,499.990
Tarjetas Gráficas NVIDIA,,,,
99943493,Palit,Video NVIDIA GT730 2GB Low Profile,2,39.990
99946799,Palit,Video NVIDIA GeForce RTX3050 8GB Dual,1,411.990
9995587,ECS,Video PCIE   GF8400 GS 512mb DDR2,1,49.990
9997573,EVGA,Video PCIE  GT220 1024mb DDR2,1,49.990
9995234,Zotac,Video PCIE GF8400 GS 512Mb DDR3,4,49.990
9996116,Zotac,Video PCIE GF9500 GT  1024mb DDR2,1,49.990
9999175,MSI,Video PCIE GT430 1024mb DDR3,1,49.990
Tarjetas Gráficas Profesionales,,,,
99943469,PNY,Video NVIDIA Quadro T400 2GB GDDR6,1,49.990
Tarjetas de Expansión,,,,
99912924,Syba,Adaptador interno IDE a SATA,1,6.990
99921058,Syba,Tarjeta PCI-E 2 puerto Serial,2,3.990
Tarjetas de Red / USB,,,,
99940312,TPLink,ADAPTADOR PCIe AC1200 WIFI BLUETOOTH,1,22.990
99940613,TPLink,Adaptador USB 2.0 A Ethernet 10/100 UE200,1,9.990
99941162,TPLink,Adaptador USB 3.0 a Ethernet 10/100/1000 UE300,2,6.990
99927036,TPLink,"Adaptador USB Inalámbrico de Alta Potencia a 300Mbps TL-WN8200ND",1,11.990
99946154,DLink,Adaptador USB a Ethernet 10/100/1000 DUB-1312,1,6.990
99920009,DLink,Adaptador USB a Ethernet 10/100/1000 DUB-1312,1,6.990
99945650,Spektra,Adaptador USB-C a Ethernet Gigabit AD-124E,5,10.710
99943435,TPLink,Tarjeta Red USB Alta Ganancia AC1900 Wi-Fi  Archer T9UH,1,9.990
999344,DLink,Tarjeta de Red Interna PCI RJ45 10/100 DFE-520TX,2,1.990
99923853,TPLink,Tarjeta de Red Interna PCI RJ45 10/100 TF-3239DL,1,990
9998794,DLink,Tarjeta de Red Interna PCI RJ45 10/100/1000 DGE-528T,3,4.990
99924500,TPLink,Tarjeta de Red Interna PCI-E RJ45 10/100/1000 TG-3468,2,3.990
99920011,DLink,"Tarjeta de Red Interna PCI-E WiFi Dual-Band AC1200 DWA-582",1,9.990
99924498,TPLink,Tarjeta de Red Interna PCI-E WiFi N300 TL-WN881ND,1,4.990
99941746,DLink,Tarjeta de Red USB Nano AC600 DWA-172,2,9.990
Teclado para Celulares,,,,
99929604,Philco,Mini Teclado Bluetooth para Celular 7'' Philco,1,5.990
99930223,Spektra,Teclado Bluetooth para Celular & Tablets Spektra,1,8.990
99930927,Spektra,Teclado Bluetooth para Celular Spektra Negro,1,1.990
99917660,Genius,"Teclado Micro USB LuxPad A120 para Tablet Android/Windows",2,3.989
Teclados,,,,
99941140,Zagg,"Funda con Teclado para iPad 10,2"" 7th, 8th y 9th Gen Negro",1,29.990
SKU,Marca,Nombre,Stock,"Precio Unitarioc/Iva"
99938340,Spektra,"Funda con Teclado para iPad 10.2""(8va y 9na gen)  y iPad Air10.5"" (3ra gen) Negra",1,29.990
99939207,Spektra,"Funda con Teclado para iPad Pro  12.9""",1,29.990
99938108,PCF OEM,"Funda con Teclado para iPad Pro  12.9"" (3ra y 4th gen)",1,29.990
99938107,PCF OEM,"Funda con Teclado para iPad Pro 11"" (1ra y 2da gen) y iPadAir 10,9""(4th gen) Inglés",1,29.990
99947684,Zagg,"Funda con teclado Pro Keys para iPad Air 10.9 (4ta y 5taGeneración) Zagg",1,58.990
99917947,Microsoft,Teclado All-in-One Media Wireless Español,1,11.990
99910524,Avantree,Teclado Deslizable Bluetooth para iPhone 4 / 4S,1,4.990
99938176,Trust,Teclado Gamer Ziva Rainbow LED Membrana Español,1,5.990
99943787,Corsair,Teclado Gamer k55 RGB PRO Membrana USB,1,39.990
99947617,HP,Teclado HP 350 Compact Multi-Device Wireless,1,13.990
99940942,Logitech,Teclado K480 Multi-Device Bluetooth Negro,1,12.989
99937573,Spektra,Teclado KB-700W  Multimedia Wireless Negro,2,1.990
99912634,Genius,Teclado KB-M200 USB Negro,34,2.990
14752,Kensington,Teclado Keyfolio Bluetooth para iPad Mini,2,8.990
9999646,Genius,Teclado MM KB-220e Black PS2,2,990
99913135,Genius,Teclado MM KB-M200 Black PS2,2,1.990
99947556,Genius,Teclado SlimStar Q200 Negro,1,4.990
1293,Genius,Teclado USB LuxeMate i200 Ultra Slim,2,4.990
99936536,Logitech,"Teclado Universal Tablet Folio 9-10"" Bluetooth Inglés",1,34.990
99914810,Lenovo,Teclado para Tablet Convertible K3011 Atom Windows 8,1,21.990
Teléfonos fijos,,,,
99936264,Philco,Teléfono Fijo Philco Negro,1,4.990
99948191,Uniden,Teléfono Inalámbrico Manos Libres Uniden AT3102BK Negro,1,17.990
Toners (Impresoras Laser),,,,
99926044,Xerox,Toner 106R02782 Negro,1,4.990
99924383,Samsung,Toner MLT-D111L Negro,1,4.990
99914502,Brother,Toner Original Brother TN-221 Negro,1,53.990
99923196,Brother,Toner Original Brother TN-225 Magenta,1,14.990
99919096,Brother,Toner Original Brother TN-2370 Negro,1,26.990
9991931,Brother,Toner Original Brother TN-410 Negro,3,13.990
99933809,Brother,Toner Original Brother TN-411 Cyan,1,2.990
99933814,Brother,Toner Original Brother TN-419 Magenta Alto rendimiento,1,6.990
9999349,Brother,Toner Original Brother TN-420 Negro,3,12.990
9993923,Brother,Toner Original Brother TN-450 Negro,3,22.990
99915187,Brother,Toner Original Brother TN-720 Negro,1,14.990
99915188,Brother,Toner Original Brother TN-750 Negro,1,14.990
9991205,HP,Toner Original HP 12A Negro,1,6.990
SKU,Marca,Nombre,Stock,"Precio Unitarioc/Iva"
99933818,HP,Toner Original HP 26X Negro,1,54.990
99929932,HP,Toner Original HP 48A Negro Laserjet,1,14.990
99916631,HP,Toner Original HP 83A Negro Laserjet,1,14.990
9997284,Samsung,Toner Original Samsung CLT-409Y Amarillo,1,6.990
99933813,Brother,Toner Orignal Brother TN-419 Cyan Alto rendimiento,1,60.990
Trituradoras de Papel,,,,
99935982,Fellowes,Trituradora de Papel 11 Litros corte tipo partículas P6C Negra,3,29.990
99932690,Rexel,"Trituradora de Papel 15 Litros corte tipo Challa  MomentumX406",11,29.989
99924567,Spektra,Trituradora de Papel 21 Litros corte tipo challa,5,24.990
99935087,Rexel,Trituradora de Papel 9 Litros corte Tira Momentum S206,5,29.989
99924566,Spektra,Trituradora de Papel para escritorio 3 Litros corte tipo challa,10,9.989
UPS y Reguladores,,,,
99934066,Vertiv,PSA - 1500VA MINI TOWER UPS,2,59.990
9998104,PCF OEM,Transformador / Convertidor 220-110v  30w,1,2.990
9998848,APC,UPS 1000VA SMART  (SUA1000I),1,140.990
99936101,APC,UPS 1000VA/600W Easy-UPS - Interactiva,14,65.990
99929209,Spektra,UPS 1000VA/600W INTERACTIVA,3,71.990
99924426,Cito,UPS 1000VA/600W POWER LINE-INTERACTIVE,37,59.990
99940240,APC,UPS 1200VA/720W Back UPS Pro Sinewave - Interactiva,3,209.990
99940012,Cito,UPS 1200VA/720W Pure Sinewave Interactive,1,89.990
99922670,Tripp Lite,UPS 1500VA 900W Smart LCD Interactiva,4,118.990
99940252,APC,"UPS 1500VA/1050W Easy UPS SMV / Salida Universal -Interactiva",4,239.990
9991227,APC,UPS 1500VA/865W Power-Saving Back  Pro,17,137.990
99929210,Spektra,UPS 1500VA/900W INTERACTIVA,4,83.990
99926651,Cito,UPS 1500VA/900W POWER LINE-INTERACTIVE,31,83.990
99940013,Cito,UPS 1500VA/900W Pure Sinewave Interactive,1,29.990
99924427,Cito,UPS 2200VA/1320W POWER LINE-INTERACTIVE,1,59.990
9999043,APC,UPS 500VA Back RS (BR500CI-AS),2,18.990
99940251,APC,UPS 6000VA/6000W Easy UPS Rackeable (Rail kit) - On-Line,1,363.990
Ventiladores PC,,,,
99935486,Deepcool,Ventilador 120mm - Blue RF120,2,1.990
99935485,Deepcool,Ventilador 120mm - Red RF120,1,4.990
Webcams,,,,
99944076,itab,Webcam Itab-UC13 1080p,2,9.990
99940178,AverMedia,Webcam PW513 Ultra HD 4K,1,101.990
99938076,PCF OEM,Webcam VGA Modelo X21,2,2.990
99925587,Spektra,Webcam WSC-117 USB,5,1.990
SKU,Marca,Nombre,Stock,"Precio Unitarioc/Iva"
Webcams Reuniones,,,,
99938748,Grandstream,Sistema de Videoconferencia FullHD + Tel GAC2500,1,299.990
